;word;count;category;subcategory
392;davos;78;toponym;toponym
63;bahn;46;cultural;infrastructure
495;moritz;38;toponym;toponym
565;wurde;34;unclassified;unclassified
590;landschaft;34;biophysical;landform
113;schweiz;33;toponym;toponym
497;verkehrsverein;33;sense of place;attachements
16;rhb;28;cultural;anthropogenic objects
16;rhb;28;cultural;infrastructure
110;kanton;24;cultural;land use
510;appenzell;24;toponym;toponym
309;natur;21;biophysical;land cover
835;heute;21;cultural;time depth
120;rhätische;20;toponym;toponym
498;pontresina;20;toponym;toponym
499;silvaplana;20;toponym;toponym
98;graubünden;19;toponym;toponym
496;klosters;19;toponym;toponym
422;tourismus;18;cultural;infrastructure
1006;jahren;18;cultural;time depth
11;immer;17;cultural;time depth
90;schweizer;17;toponym;toponym
393;platz;17;cultural;settlement
493;hotel;16;cultural;infrastructure
112;neue;15;perceptual;color / vision
490;chur;15;toponym;toponym
960;jahre;15;cultural;time depth
229;bauten;14;cultural;settlement
287;führt;14;cultural;infrastructure
500;gemeinde;14;cultural;land use
275;worden;13;unclassified;unclassified
412;bündner;13;toponym;toponym
637;sowie;13;unclassified;unclassified
739;seit;13;cultural;time depth
927;sei;13;unclassified;unclassified
1350;raumplanung;13;cultural;land use
2015;mehr;13;perceptual;pattern
234;rahmen;12;cultural;anthropogenic objects
236;grosse;12;perceptual;color / vision
368;kunstbauten;12;cultural;settlement
1051;rhätischen;12;toponym;toponym
37;sommer;11;biophysical;climate
153;sehen;11;perceptual;color / vision
171;bedeutung;11;sense of place;attachements
281;neuen;11;perceptual;color / vision
361;wurden;11;unclassified;unclassified
502;hotels;11;cultural;infrastructure
552;geschichte;11;sense of place;history
564;bau;11;cultural;settlement
792;aargau;11;toponym;toponym
135;thusis;10;toponym;toponym
159;welterbe;10;sense of place;attachements
187;ab;10;unclassified;unclassified
301;stand;10;cultural;anthropogenic objects
437;raum;10;cultural;land use
440;kulturlandschaft;10;cultural;land use
451;entwicklung;10;sense of place;history
542;lenzerheide;10;toponym;toponym
551;kunst;10;unclassified;unclassified
734;brücken;10;cultural;infrastructure
1068;strecke;10;cultural;infrastructure
1934;rund;10;perceptual;pattern
2149;abteilung;10;cultural;infrastructure
3;architektur;9;cultural;settlement
54;gut;9;sense of place;associations
119;unesco;9;sense of place;identity
290;grossen;9;perceptual;color / vision
322;bereits;9;cultural;time depth
444;zeit;9;cultural;time depth
506;waldhaus;9;cultural;settlement
512;herisau;9;toponym;toponym
583;albulabahn;9;cultural;infrastructure
754;steht;9;unclassified;unclassified
846;beispiel;9;sense of place;meaning
940;wald;9;biophysical;flora
1083;zahlreichen;9;perceptual;color / vision
1238;technik;9;cultural;anthropogenic objects
1522;thema;9;unclassified;unclassified
1613;jahr;9;cultural;time depth
137;dabei;8;unclassified;unclassified
189;gestaltung;8;activities;activities
294;seite;8;unclassified;unclassified
501;morosani;8;cultural;infrastructure
507;flims;8;toponym;toponym
511;heiden;8;toponym;toponym
766;wer;8;unclassified;unclassified
833;beim;8;unclassified;unclassified
958;fahrt;8;cultural;infrastructure
976;ganz;8;perceptual;color / vision
1017;bisher;8;cultural;time depth
1395;zug;8;cultural;infrastructure
1600;landquart;8;toponym;toponym
1640;schon;8;cultural;time depth
1808;etwa;8;unclassified;unclassified
2051;teil;8;unclassified;unclassified
22;blick;7;perceptual;color / vision
49;wegen;7;unclassified;unclassified
111;zwei;7;perceptual;pattern
143;meter;7;cultural;infrastructure
164;dorf;7;cultural;settlement
207;entlang;7;unclassified;unclassified
242;welt;7;unclassified;unclassified
313;projekt;7;cultural;anthropogenic objects
605;alte;7;perceptual;perceptual
722;drei;7;perceptual;pattern
737;wenig;7;perceptual;pattern
753;filisur;7;toponym;toponym
935;viele;7;perceptual;pattern
998;ingenieure;7;cultural;infrastructure
1014;vier;7;perceptual;pattern
1049;tunnels;7;cultural;infrastructure
1374;verbunden;7;cultural;infrastructure
1591;neu;7;perceptual;color / vision
1990;bilder;7;perceptual;color / vision
2115;engadin;7;toponym;toponym
2161;fast;7;unclassified;unclassified
101;bevölkerung;6;cultural;settlement
115;juli;6;cultural;time depth
127;alpen;6;toponym;toponym
173;zeigt;6;perceptual;color / vision
191;meist;6;cultural;time depth
224;aufnahmen;6;perceptual;color / vision
235;mal;6;unclassified;unclassified
256;präsident;6;cultural;anthropogenic objects
284;zurück;6;unclassified;unclassified
390;beitrag;6;unclassified;unclassified
587;dafür;6;unclassified;unclassified
596;schutz;6;sense of place;attachements
599;bleibt;6;sense of place;history
721;weniger;6;perceptual;pattern
761;hohe;6;perceptual;color / vision
773;strasse;6;cultural;infrastructure
850;sinn;6;sense of place;identity
1009;wäre;6;unclassified;unclassified
1054;weiterfahrt;6;cultural;infrastructure
1057;gemeinsames;6;unclassified;unclassified
1071;linienführung;6;cultural;infrastructure
1126;landwirtschaft;6;cultural;land use
1145;leitung;6;cultural;anthropogenic objects
1363;siedlungen;6;cultural;settlement
1371;jedoch;6;unclassified;unclassified
1377;touristischen;6;cultural;infrastructure
1414;gebaut;6;cultural;settlement
1434;stark;6;perceptual;touch
1435;gibt;6;unclassified;unclassified
1444;aufgenommen;6;unclassified;unclassified
1445;ausstellung;6;unclassified;unclassified
1449;bahnlinie;6;cultural;infrastructure
1563;menschen;6;cultural;settlement
1647;aufgabe;6;;
1722;ort;6;;
1840;gute;6;;
2031;setzen;6;;
2121;express;6;cultural;infrastructure
2192;linie;6;cultural;infrastructure
2276;adelboden;6;toponym;toponym
2335;ersten;6;;
2645;ende;6;;
2698;nachhaltigkeit;6;cultural;anthropogenic objects
3228;franken;6;cultural;infrastructure
3367;anm;6;;
3656;tel;6;cultural;anthropogenic objects
47;klima;5;biophysical;climate
75;prättigau;5;toponym;toponym
170;nationaler;5;cultural;land use
195;hohen;5;;
228;ausgewählten;5;;
246;sechs;5;;
260;links;5;;
266;letzten;5;;
282;geht;5;;
352;schweizerische;5;toponym;toponym
381;gar;5;;
388;wunsch;5;sense of place;feeling
492;grand;5;;
516;gallen;5;;
548;sollen;5;;
576;anlagen;5;cultural;infrastructure
632;landrat;5;cultural;infrastructure
651;mittel;5;;
688;vorhaben;5;;
732;zürich;5;toponym;toponym
738;wissen;5;cultural;anthropogenic objects
750;verändert;5;;
765;liegt;5;;
771;bald;5;cultural;time depth
854;wanderer;5;activities;activities
895;pro;5;;
912;paul;5;;
989;stellt;5;;
993;samedan;5;toponym;toponym
1008;lassen;5;;
1025;mio;5;;
1082;chen;5;;
1151;schloss;5;cultural;infrastructure
1170;länge;5;;
1179;besser;5;;
1199;stadt;5;cultural;settlement
1204;nen;5;;
1278;zehn;5;;
1303;denkmalpflege;5;sense of place;attachements
1347;nr;5;;
1354;bestehen;5;;
1368;attraktivität;5;perceptual;color / vision
1380;bietet;5;;
1427;ja;5;;
1487;reisenden;5;activities;activities
1493;telefon;5;cultural;anthropogenic objects
1534;bauen;5;cultural;settlement
1589;arbeit;5;;
1612;konnte;5;;
1666;alpine;5;biophysical;geology
1668;überhaupt;5;;
1676;architekten;5;cultural;settlement
1702;engiadina;5;toponym;toponym
1856;denken;5;;
2077;sicht;5;perceptual;color / vision
2083;weltkulturerbe;5;sense of place;attachements
2188;bahnhof;5;cultural;infrastructure
2252;ten;5;;
2297;eisenbahn;5;cultural;infrastructure
2412;kommen;5;;
2460;früh;5;;
2483;grosses;5;;
2612;sardona;5;toponym;toponym
2669;lang;5;;
2766;verbindung;5;cultural;infrastructure
3504;führen;5;;
6;müller;4;;
10;eindruck;4;;
17;val;4;;
26;schönheit;4;;
34;puschlav;4;;
35;insbesondere;4;;
106;hand;4;;
122;liste;4;;
129;auszeichnung;4;;
132;weltweit;4;;
172;erscheinen;4;;
205;werner;4;;
217;bedingungen;4;;
254;ben;4;;
259;bild;4;;
273;gäste;4;;
285;gebiet;4;;
299;land;4;;
326;besonders;4;;
357;hinunter;4;;
359;berninabahn;4;;
362;gerade;4;;
365;erfährt;4;;
383;wohl;4;;
391;ingenieurbaukunst;4;;
399;spaziergang;4;;
410;quellen;4;;
418;wichtige;4;;
430;gemeinden;4;;
436;einleitung;4;;
439;historische;4;;
442;wert;4;;
452;jahrhundert;4;;
454;historischen;4;;
476;e;4;;
491;kempinski;4;;
494;bains;4;;
505;park;4;;
513;verband;4;;
514;verkehrsvereine;4;;
518;schindler;4;;
519;waggon;4;;
526;national;4;;
532;per;4;;
534;postauto;4;;
554;sagen;4;;
556;sicher;4;;
566;vereinigung;4;;
568;gegründet;4;;
569;beiden;4;;
572;eng;4;;
575;technischen;4;;
577;eisenbahnen;4;;
580;führte;4;;
582;heimatschutzes;4;;
584;hingegen;4;;
597;neben;4;;
602;heutigen;4;;
604;kommt;4;;
610;katastererneuerung;4;;
612;daten;4;;
618;erreichen;4;;
635;auftrag;4;;
764;richtung;4;;
780;em;4;;
824;peter;4;;
831;statt;4;;
861;zimmer;4;;
888;hans;4;;
1030;prozent;4;;
1064;schönsten;4;;
1080;schönen;4;;
1131;shs;4;;
1139;namen;4;;
1254;bezug;4;;
1279;versucht;4;;
1280;verein;4;;
1286;deren;4;;
1307;anfang;4;;
1310;stellen;4;;
1316;zerstört;4;;
1326;inventar;4;;
1351;fremdenverkehr;4;;
1356;besiedlung;4;;
1358;naturnahe;4;;
1359;gepflegte;4;;
1376;tatsache;4;;
1378;frage;4;;
1390;basel;4;;
1401;wirkt;4;;
1406;hätte;4;;
1417;vielfalt;4;;
1549;zusammen;4;;
1554;verändern;4;;
1574;stall;4;;
1608;kehrtunnels;4;;
1611;bahnbau;4;;
1657;neubau;4;;
1698;kulm;4;;
1699;bergbahnen;4;;
1700;loga;4;;
1701;immobilien;4;;
1720;gehört;4;;
1727;weiterhin;4;;
1737;zudem;4;;
1741;vielen;4;;
1752;zeigen;4;;
1783;bern;4;;
1816;seen;4;;
1833;schmid;4;;
1839;verfügt;4;;
1843;schöne;4;;
1866;bekannt;4;;
1977;garten;4;;
2009;nationalrat;4;;
2082;alpinen;4;;
2128;kaum;4;;
2143;gewässer;4;;
2145;unterhalb;4;;
2158;erst;4;;
2201;gesehen;4;;
2203;neues;4;;
2241;tragen;4;;
2279;direktor;4;;
2295;kantons;4;;
2308;eher;4;;
2441;engadiner;4;;
2449;haus;4;;
2526;hinzu;4;;
2550;js;4;;
2608;aktuell;4;;
2616;erklärt;4;;
2646;juni;4;;
2697;raumentwicklung;4;;
2732;oberhalb;4;;
2760;daran;4;;
2847;n;4;;
2904;rechts;4;;
2932;leben;4;;
2951;lage;4;;
3227;millionen;4;;
3273;kam;4;;
3327;uhr;4;;
3368;leza;4;;
3570;erster;4;;
3823;wallis;4;;
3912;te;4;;
3925;danuser;4;;
3926;kurdirektor;4;;
4607;conzett;4;;
4627;mauer;4;;
8;besucher;3;;
38;herbst;3;;
39;touristen;3;;
42;tal;3;;
52;leute;3;;
66;alp;3;;
76;erhielt;3;;
77;erstmals;3;;
82;bundesrat;3;;
95;gründen;3;;
121;na;3;;
133;kilometer;3;;
134;bahnstrecke;3;;
145;name;3;;
160;stein;3;;
214;on;3;;
248;höhe;3;;
262;hôtel;3;;
280;len;3;;
291;sieht;3;;
303;bundesamt;3;;
304;umwelt;3;;
305;bafu;3;;
308;qualität;3;;
314;stehen;3;;
316;zuletzt;3;;
325;erhalten;3;;
332;verfügung;3;;
339;einheit;3;;
363;wieser;3;;
366;würdigung;3;;
367;all;3;;
377;generell;3;;
389;buch;3;;
395;bus;3;;
417;sonne;3;;
509;zurzach;3;;
515;vaav;3;;
517;liestal;3;;
520;pratteln;3;;
536;verschiedene;3;;
538;vorbei;3;;
539;alten;3;;
541;nähe;3;;
547;reise;3;;
567;heimatschutz;3;;
573;verknüpft;3;;
579;auswirkungen;3;;
581;gründung;3;;
585;galt;3;;
586;vorbild;3;;
589;bauwerk;3;;
591;störe;3;;
592;belebe;3;;
593;bereichere;3;;
594;heft;3;;
609;landinformationssystem;3;;
620;kurz;3;;
653;nutzen;3;;
675;darstellung;3;;
683;gestellt;3;;
684;begriff;3;;
691;letzte;3;;
729;schliesslich;3;;
767;aufs;3;;
770;fährt;3;;
787;scheint;3;;
791;dank;3;;
795;amt;3;;
796;aargauer;3;;
802;b;3;;
825;vielleicht;3;;
837;gefragt;3;;
841;wecken;3;;
845;tut;3;;
848;macht;3;;
856;fassen;3;;
859;warum;3;;
866;tage;3;;
899;hartmann;3;;
901;jenny;3;;
933;langen;3;;
936;publikationen;3;;
968;herrliche;3;;
1013;wasser;3;;
1024;kosten;3;;
1027;weitere;3;;
1029;fonds;3;;
1059;tag;3;;
1062;erleben;3;;
1067;zählt;3;;
1077;mittagessen;3;;
1085;marc;3;;
1092;fer;3;;
1094;schmalspurbahn;3;;
1099;frühen;3;;
1116;suchen;3;;
1122;erhaltung;3;;
1128;dar;3;;
1138;sektion;3;;
1157;folgen;3;;
1190;stellte;3;;
1196;ter;3;;
1209;nah;3;;
1212;weder;3;;
1213;schnee;3;;
1218;nachdem;3;;
1234;lässt;3;;
1237;verbindet;3;;
1239;fläche;3;;
1246;feuer;3;;
1248;bergsturz;3;;
1262;churer;3;;
1271;landschaften;3;;
1275;gebäude;3;;
1281;safier;3;;
1282;ställe;3;;
1287;wahrzeichen;3;;
1296;safien;3;;
1301;stiftung;3;;
1305;erstes;3;;
1313;entgegen;3;;
1315;darf;3;;
1357;verkehr;3;;
1360;größe;3;;
1361;struktur;3;;
1362;aussehen;3;;
1364;erreichbarkeit;3;;
1365;fremdenverkehrsortes;3;;
1366;verkehrsmitteln;3;;
1367;bestimmen;3;;
1369;fremdenverkehrsregion;3;;
1370;fremdenverkehrsentwicklung;3;;
1386;nutzung;3;;
1409;wandert;3;;
1426;technisch;3;;
1456;zugleich;3;;
1459;alltag;3;;
1463;sieben;3;;
1474;entstanden;3;;
1486;einheimische;3;;
1491;sagt;3;;
1503;gion;3;;
1520;nimmt;3;;
1525;beschäftigen;3;;
1539;freude;3;;
1582;besteht;3;;
1590;aufregung;3;;
1592;hunderte;3;;
1599;eröffnung;3;;
1604;einzigartig;3;;
1614;später;3;;
1615;gotthardautobahn;3;;
1616;landschaftsgestaltung;3;;
1630;werk;3;;
1631;selber;3;;
1634;fälle;3;;
1646;gestellte;3;;
1667;strassen;3;;
1673;passstrasse;3;;
1717;februar;3;;
1724;regionen;3;;
1726;pärke;3;;
1738;bilden;3;;
1747;prägen;3;;
1768;gewisse;3;;
1774;bahnen;3;;
1805;angebote;3;;
1828;wandel;3;;
1892;steinernen;3;;
1897;albula;3;;
1907;hundert;3;;
1942;veränderte;3;;
1962;zunahme;3;;
1964;ü;3;;
1981;zahlreiche;3;;
1984;nung;3;;
2027;mag;3;;
2041;tunnel;3;;
2046;besonderen;3;;
2050;umgebende;3;;
2055;erschliesst;3;;
2064;erste;3;;
2080;touristische;3;;
2081;erschliessung;3;;
2117;starke;3;;
2120;glacier;3;;
2163;zugskompositionen;3;;
2182;familie;3;;
2195;vorteil;3;;
2200;standpunkt;3;;
2202;völlig;3;;
2221;einmalige;3;;
2312;grossartigen;3;;
2316;poschiavo;3;;
2319;hochbauten;3;;
2327;deshalb;3;;
2383;ausgebaut;3;;
2403;berge;3;;
2437;gesellschaft;3;;
2447;längere;3;;
2464;häuser;3;;
2470;gutes;3;;
2525;direkt;3;;
2529;gleich;3;;
2555;zugunsten;3;;
2569;definition;3;;
2601;erhält;3;;
2609;htr;3;;
2610;tektonikarena;3;;
2659;geprägt;3;;
2677;bernina;3;;
2678;angebot;3;;
2699;mitte;3;;
2700;hochalpiner;3;;
2701;ehemaliges;3;;
2702;gedanken;3;;
2703;konfrontiert;3;;
2704;auseinander;3;;
2705;inwieweit;3;;
2728;landschaftlich;3;;
2736;region;3;;
2771;ermöglicht;3;;
2833;genügend;3;;
2834;politisches;3;;
2835;rückgrat;3;;
2836;resort;3;;
2837;einfügen;3;;
2838;fremd;3;;
2839;ungemein;3;;
2840;gepflügt;3;;
2841;verstand;3;;
2845;oft;3;;
2876;albulatal;3;;
2918;gegend;3;;
2955;parallel;3;;
2957;jeweils;3;;
2961;begonnen;3;;
2982;d;3;;
2986;en;3;;
3005;verhältnis;3;;
3013;bringt;3;;
3019;ästhetik;3;;
3029;zielsetzungen;3;;
3031;bauwerke;3;;
3034;ebenso;3;;
3134;modernen;3;;
3185;eröffnet;3;;
3236;tätigkeit;3;;
3256;andreas;3;;
3284;gefunden;3;;
3340;folgenden;3;;
3430;erfolgte;3;;
3438;fällt;3;;
3528;veränderungen;3;;
3623;locarno;3;;
3624;verkehrsbüro;3;;
3631;schwimmen;3;;
3633;fischen;3;;
3645;prospekte;3;;
3666;wandergebiet;3;;
3747;lange;3;;
3763;wanderweg;3;;
3884;deutlich;3;;
3924;hanspeter;3;;
3956;bereit;3;;
3996;gesamte;3;;
4015;regierung;3;;
4020;gen;3;;
4095;tradition;3;;
4163;richtplan;3;;
4218;positiv;3;;
4534;matchworld;3;;
4536;sa;3;;
4537;lens;3;;
4633;hinterrheinbrücke;3;;
4667;martin;3;;
4668;linsi;3;;
0;eindrücke;2;;
25;landschaftliche;2;;
27;vermag;2;;
28;weile;2;;
30;veränderung;2;;
32;rebbergen;2;;
48;geschätzt;2;;
61;di;2;;
67;grüm;2;;
71;anna;2;;
83;idee;2;;
102;sitten;2;;
104;teilweise;2;;
107;hofft;2;;
114;sitzung;2;;
117;quebec;2;;
125;höchstgelegene;2;;
136;meer;2;;
139;trassee;2;;
140;albulalinie;2;;
142;berninalinie;2;;
149;bahnlinien;2;;
152;unterschieden;2;;
154;kernzone;2;;
156;umfasst;2;;
175;gegenseitig;2;;
179;ortsbilder;2;;
180;wirken;2;;
182;praktische;2;;
186;band;2;;
192;kleinen;2;;
199;georg;2;;
201;michele;2;;
202;arnaboldi;2;;
210;auswahl;2;;
212;kriterien;2;;
213;umgang;2;;
240;grösste;2;;
241;kerze;2;;
245;panoramalift;2;;
247;metern;2;;
249;warmes;2;;
250;licht;2;;
265;genf;2;;
267;freitag;2;;
270;gewicht;2;;
283;anstrengung;2;;
297;kommentar;2;;
298;naturpärke;2;;
302;regionale;2;;
307;gedacht;2;;
317;fall;2;;
327;wertvolle;2;;
330;schützen;2;;
334;boden;2;;
340;siedlung;2;;
349;zes;2;;
356;verfasst;2;;
360;erschlossen;2;;
364;viadukt;2;;
369;albulastrecke;2;;
370;eisenbahningenieur;2;;
371;friedrich;2;;
372;hennings;2;;
373;ansicht;2;;
375;pionierhaft;2;;
378;abgehandelt;2;;
380;galerien;2;;
384;bewusst;2;;
396;rückweg;2;;
398;wetter;2;;
403;ca;2;;
407;grundlage;2;;
408;erfolg;2;;
416;luft;2;;
419;architektonische;2;;
420;ereignisse;2;;
427;museale;2;;
428;kulturlandschaften;2;;
431;soglio;2;;
432;guarda;2;;
433;urs;2;;
443;historischer;2;;
445;nutzungsgeschichte;2;;
446;mittelalter;2;;
447;neuzeit;2;;
448;ergebnis;2;;
455;h;2;;
461;bemalt;2;;
468;türe;2;;
481;geflochtener;2;;
487;g;2;;
508;rhàtische;2;;
522;montreux;2;;
550;musik;2;;
561;bergün;2;;
562;preda;2;;
574;kritik;2;;
578;kraftwerken;2;;
588;technisches;2;;
595;zeitschrift;2;;
598;kulturellen;2;;
601;meisterwerk;2;;
630;setzte;2;;
634;arbeitsgruppe;2;;
636;verfahren;2;;
638;benötigten;2;;
639;hilfsmittel;2;;
640;kombiniert;2;;
641;erstellung;2;;
642;leitungskatasters;2;;
643;evaluieren;2;;
644;umfangreichen;2;;
645;abklärungen;2;;
646;vorarbeiten;2;;
647;beschloss;2;;
659;zulasten;2;;
664;verabschiedet;2;;
666;lis;2;;
695;ebene;2;;
699;abgeschlossen;2;;
703;vollständig;2;;
705;adresse;2;;
707;gesamtfläche;2;;
720;bieler;2;;
725;holzbrückenbau;2;;
736;einbettung;2;;
745;abgebrochen;2;;
756;unterhalt;2;;
758;baukultur;2;;
762;halbe;2;;
763;zugstunde;2;;
768;bellinzona;2;;
769;wechselt;2;;
772;viamala;2;;
783;wilde;2;;
786;überquert;2;;
804;rainer;2;;
805;richard;2;;
809;einklang;2;;
814;abderhalden;2;;
815;walter;2;;
821;hrsg;2;;
838;lust;2;;
862;via;2;;
864;suisse;2;;
865;denkmäler;2;;
879;marketing;2;;
884;vertreter;2;;
887;cazis;2;;
894;geschäftsführer;2;;
898;josef;2;;
904;monica;2;;
905;oeconformica;2;;
906;beverinstrasse;2;;
908;mario;2;;
909;lippuner;2;;
910;ruvria;2;;
915;rohanstrasse;2;;
928;welten;2;;
929;sutter;2;;
932;daneben;2;;
946;flora;2;;
956;gross;2;;
964;knapp;2;;
966;km;2;;
977;besonderes;2;;
978;erlebnis;2;;
979;offenen;2;;
985;attraktiven;2;;
988;verbesserung;2;;
990;thomas;2;;
1001;ökologisch;2;;
1004;inn;2;;
1011;fluss;2;;
1023;landguart;2;;
1026;finanzierung;2;;
1028;celerina;2;;
1031;bund;2;;
1053;wirklich;2;;
1055;cuneo;2;;
1056;hotelbezug;2;;
1058;abendessen;2;;
1060;samstag;2;;
1061;april;2;;
1063;legendäre;2;;
1065;bahnstrecken;2;;
1066;europa;2;;
1069;malerische;2;;
1070;spektakuläre;2;;
1072;viadukte;2;;
1073;unzählige;2;;
1074;begeistern;2;;
1075;timiglia;2;;
1076;mittelmeerküste;2;;
1078;azurblauen;2;;
1079;küste;2;;
1081;ausblicken;2;;
1084;museen;2;;
1086;musee;2;;
1087;message;2;;
1088;biblique;2;;
1089;mittagszeit;2;;
1090;abfahrt;2;;
1091;chemin;2;;
1093;provence;2;;
1095;grossartige;2;;
1096;mittelmeer;2;;
1097;hinauf;2;;
1098;ankunft;2;;
1100;abend;2;;
1101;sisteron;2;;
1102;mittelalterlichen;2;;
1103;städtchen;2;;
1104;route;2;;
1105;napoleon;2;;
1106;alpes;2;;
1107;maritimes;2;;
1108;reiseleitung;2;;
1114;ergeben;2;;
1117;weiteren;2;;
1121;grundlagen;2;;
1130;kreisen;2;;
1132;nationalen;2;;
1136;erarbeitet;2;;
1140;bezüglich;2;;
1143;einsprache;2;;
1149;möglichen;2;;
1162;gab;2;;
1166;breite;2;;
1174;beurteilenden;2;;
1178;teilstück;2;;
1182;angebracht;2;;
1183;seien;2;;
1184;kurze;2;;
1189;sektionen;2;;
1191;grund;2;;
1198;eigene;2;;
1203;angeboten;2;;
1205;kultur;2;;
1235;grenzen;2;;
1240;quadratmetern;2;;
1241;oben;2;;
1242;unten;2;;
1243;begrenzt;2;;
1244;brigitte;2;;
1245;kowanz;2;;
1247;erinnert;2;;
1249;einst;2;;
1250;beletage;2;;
1255;verschiedenen;2;;
1256;gelände;2;;
1258;unterschiedlichen;2;;
1259;natürlichen;2;;
1260;prozesse;2;;
1272;tals;2;;
1273;möglichkeit;2;;
1277;funktioniert;2;;
1299;ställen;2;;
1320;kantonalen;2;;
1323;aktivitäten;2;;
1328;geprüft;2;;
1340;plötzlich;2;;
1346;helvetica;2;;
1348;joseph;2;;
1349;sauter;2;;
1352;augenscheinlichsten;2;;
1353;zusammenhänge;2;;
1355;bereichen;2;;
1372;eingriffen;2;;
1373;beeinträchtigungen;2;;
1375;aufgrund;2;;
1387;baumhakl;2;;
1402;carmen;2;;
1410;berg;2;;
1411;fürs;2;;
1415;dritte;2;;
1419;problematisch;2;;
1422;klasse;2;;
1432;innen;2;;
1433;kraft;2;;
1438;männlich;2;;
1448;exponat;2;;
1450;original;2;;
1451;museum;2;;
1452;passt;2;;
1464;thementürme;2;;
1465;hauptelement;2;;
1472;system;2;;
1483;risten;2;;
1490;egal;2;;
1494;fax;2;;
1502;architekt;2;;
1504;antoni;2;;
1506;baut;2;;
1510;schön;2;;
1512;werdende;2;;
1513;karte;2;;
1518;weit;2;;
1529;nötig;2;;
1536;holz;2;;
1538;zeitgeist;2;;
1540;bauherrschaften;2;;
1541;stück;2;;
1542;dreck;2;;
1543;klumpen;2;;
1544;gold;2;;
1545;heiterer;2;;
1546;schluss;2;;
1548;legenden;2;;
1561;wohnen;2;;
1562;paar;2;;
1575;abgelegenen;2;;
1576;bergtal;2;;
1577;instand;2;;
1578;gesetzt;2;;
1579;zerfällt;2;;
1580;pflegt;2;;
1581;geheimnis;2;;
1583;anhöhen;2;;
1584;abstürzen;2;;
1585;akeleien;2;;
1586;schmetterlingen;2;;
1587;düften;2;;
1588;tönen;2;;
1593;formten;2;;
1597;verlassen;2;;
1603;streckennetz;2;;
1622;gotthard;2;;
1624;and;2;;
1628;themas;2;;
1629;vermittlung;2;;
1633;standes;2;;
1635;wesentliche;2;;
1638;beanspruchte;2;;
1643;hiess;2;;
1650;ganzen;2;;
1660;breiten;2;;
1681;selten;2;;
1685;röhren;2;;
1686;felswand;2;;
1687;herausragen;2;;
1696;mittleren;2;;
1704;verkehrsvereinigung;2;;
1708;hugo;2;;
1713;organisation;2;;
1725;netzwerk;2;;
1730;denkt;2;;
1732;rung;2;;
1748;beispiele;2;;
1755;zeugen;2;;
1756;unserer;2;;
1759;forderung;2;;
1773;betrachtet;2;;
1791;bln;2;;
1799;wären;2;;
1800;dörfer;2;;
1810;erhalt;2;;
1814;änderungen;2;;
1819;notwendig;2;;
1820;langfristig;2;;
1824;bleiben;2;;
1829;zukunft;2;;
1835;touristisches;2;;
1847;touristiker;2;;
1848;sagte;2;;
1850;gelte;2;;
1870;seiten;2;;
1873;lieh;2;;
1876;spätere;2;;
1880;richter;2;;
1884;wiederum;2;;
1886;damals;2;;
1887;vorbildlich;2;;
1889;überaus;2;;
1895;bereich;2;;
1899;betrieb;2;;
1903;inszeniert;2;;
1920;zinsli;2;;
1935;personen;2;;
1974;themen;2;;
1992;maler;2;;
1998;gsk;2;;
1999;eingesetzt;2;;
2001;schweizerischen;2;;
2003;gefördert;2;;
2006;fls;2;;
2020;landschaftsschutzes;2;;
2029;sl;2;;
2037;brusio;2;;
2038;stationsgebäude;2;;
2040;stellwerke;2;;
2043;allein;2;;
2044;vielmehr;2;;
2045;berninastrecke;2;;
2047;topographie;2;;
2048;einzigartigen;2;;
2049;gleichzeitig;2;;
2052;ensembles;2;;
2053;logische;2;;
2054;bahnreisenden;2;;
2056;tirano;2;;
2057;eins;2;;
2058;gesichtspunkten;2;;
2059;müstair;2;;
2060;berner;2;;
2065;stätten;2;;
2069;überblick;2;;
2074;angenommen;2;;
2075;kulturstätten;2;;
2076;universellem;2;;
2078;experten;2;;
2079;hervorragendes;2;;
2084;guten;2;;
2085;zusammenarbeit;2;;
2087;italienischen;2;;
2091;giovanni;2;;
2103;einfluss;2;;
2104;geplante;2;;
2105;exkursion;2;;
2116;beide;2;;
2133;stunden;2;;
2135;rhone;2;;
2138;aare;2;;
2139;abraham;2;;
2140;abschätzung;2;;
2141;stickstoffverluste;2;;
2142;diffusen;2;;
2144;rheineinzugsgebiet;2;;
2146;abschluss;2;;
2147;zürcher;2;;
2148;weinland;2;;
2150;umweltschutz;2;;
2151;abwasserfonds;2;;
2152;solothurn;2;;
2157;streckenführung;2;;
2166;wunder;2;;
2178;männer;2;;
2185;gr;2;;
2186;welterbeliste;2;;
2198;ausmachen;2;;
2204;wirkung;2;;
2205;zurzeit;2;;
2216;zuständig;2;;
2217;eindrückliche;2;;
2229;gewinn;2;;
2235;hoteliers;2;;
2245;f;2;;
2248;tagen;2;;
2253;erneut;2;;
2255;gemacht;2;;
2256;gletscher;2;;
2274;formuliert;2;;
2277;rubi;2;;
2278;fred;2;;
2280;verkehrsvereins;2;;
2281;gygax;2;;
2282;kurt;2;;
2293;wirtschaftlichen;2;;
2299;unternehmen;2;;
2325;alpenrhein;2;;
2350;ingenieur;2;;
2370;lieben;2;;
2373;dennoch;2;;
2386;besichtigen;2;;
2397;teilnehmer;2;;
2404;reisen;2;;
2418;jährlich;2;;
2439;küche;2;;
2445;kennt;2;;
2450;investieren;2;;
2454;van;2;;
2455;berkel;2;;
2456;erstaunlich;2;;
2457;reiz;2;;
2458;kreist;2;;
2459;fremdenverkehrs;2;;
2461;begriffen;2;;
2462;fassung;2;;
2463;mre;2;;
2465;landschaftsausschnitte;2;;
2466;guckkästen;2;;
2467;stellten;2;;
2468;dhck;2;;
2474;bauernhaus;2;;
2495;zweitens;2;;
2496;meisterhaft;2;;
2498;gebaute;2;;
2499;überlandbahnen;2;;
2500;handelt;2;;
2507;direkte;2;;
2508;einzigartiger;2;;
2509;andererseits;2;;
2510;reiche;2;;
2520;moderne;2;;
2523;nicolaus;2;;
2527;kandidatur;2;;
2532;früher;2;;
2536;arosa;2;;
2545;kleines;2;;
2548;fii;2;;
2551;biosphärenreservate;2;;
2552;ländern;2;;
2581;spektakulärsten;2;;
2582;schmalspurbahnen;2;;
2604;hotelrevue;2;;
2611;piz;2;;
2627;luzius;2;;
2628;willkommen;2;;
2636;schärer;2;;
2640;nie;2;;
2667;gästen;2;;
2673;fahrten;2;;
2674;montag;2;;
2675;donnerstag;2;;
2683;schätzen;2;;
2689;reits;2;;
2692;betreiben;2;;
2706;gedankengut;2;;
2723;landwirtschaftlich;2;;
2724;geprägte;2;;
2725;umgebungszone;2;;
2726;kleineren;2;;
2727;besiedelten;2;;
2730;ganze;2;;
2737;referat;2;;
2746;darauf;2;;
2761;mehrere;2;;
2768;wanderung;2;;
2784;übernimmt;2;;
2787;dans;2;;
2791;le;2;;
2792;groupe;2;;
2816;retica;2;;
2819;prädikat;2;;
2824;internationalen;2;;
2826;braucht;2;;
2829;mut;2;;
2830;klaren;2;;
2831;kopf;2;;
2832;gestalterischem;2;;
2842;palasthotels;2;;
2854;aufnahme;2;;
2861;richtet;2;;
2869;oberhalbstein;2;;
2877;unterengadin;2;;
2878;münstertal;2;;
2881;bauberatung;2;;
2892;rechnung;2;;
2896;verkehrs;2;;
2912;betrachten;2;;
2921;vergangenheit;2;;
2923;werken;2;;
2927;meldet;2;;
2937;vergangenen;2;;
2948;panoramen;2;;
2968;wenigen;2;;
2973;charakter;2;;
2981;denen;2;;
2998;folge;2;;
3001;zufällig;2;;
3003;erklärung;2;;
3011;sowohl;2;;
3014;bringen;2;;
3032;heisst;2;;
3042;eigenen;2;;
3045;geschaffen;2;;
3049;erfahren;2;;
3053;la;2;;
3057;les;2;;
3091;emmental;2;;
3142;möglich;2;;
3149;geplanten;2;;
3152;mw;2;;
3163;fasziniert;2;;
3165;freunde;2;;
3176;vieles;2;;
3181;bedeutete;2;;
3190;legt;2;;
3198;dürfen;2;;
3219;findet;2;;
3224;spannweite;2;;
3229;nein;2;;
3231;verleiht;2;;
3233;langjährigen;2;;
3237;dienste;2;;
3242;sekundärschule;2;;
3247;diente;2;;
3258;allerdings;2;;
3285;dauer;2;;
3286;begeisterten;2;;
3287;sommers;2;;
3288;häuslich;2;;
3289;einrichtete;2;;
3290;dorthin;2;;
3291;kehrte;2;;
3292;unermüdliche;2;;
3298;bz;2;;
3300;gehen;2;;
3305;je;2;;
3311;komitees;2;;
3318;gegenwart;2;;
3331;abseits;2;;
3354;stallbauten;2;;
3364;kunstgeschichte;2;;
3366;heimatstil;2;;
3371;raumkunst;2;;
3372;reform;2;;
3373;arthur;2;;
3374;rüegg;2;;
3385;jahrbuch;2;;
3396;robert;2;;
3409;versehen;2;;
3410;bildthemen;2;;
3411;befindlichen;2;;
3412;gruppenbilder;2;;
3413;mannschaften;2;;
3414;bahnhöfe;2;;
3415;personal;2;;
3416;bahntrasse;2;;
3417;alltagsszenen;2;;
3418;dokumentationen;2;;
3419;naturkatastrophen;2;;
3420;populäre;2;;
3421;früheren;2;;
3422;reproduktionen;2;;
3431;gruppenaufnahme;2;;
3432;sonntag;2;;
3433;stattfand;2;;
3434;klischee;2;;
3435;ewig;2;;
3436;menschenwerk;2;;
3437;vergänglich;2;;
3439;unverändert;2;;
3440;rundherum;2;;
3441;einleitungstext;2;;
3442;iso;2;;
3443;camartin;2;;
3444;ordnet;2;;
3451;talschaften;2;;
3456;zusammenschluss;2;;
3460;post;2;;
3465;anlässlich;2;;
3467;schwerwiegende;2;;
3479;nase;2;;
3493;brachte;2;;
3526;metamorphose;2;;
3537;schnellen;2;;
3547;zweite;2;;
3598;unzähliger;2;;
3599;kleinformen;2;;
3600;hohlwege;2;;
3601;hecken;2;;
3602;natürliche;2;;
3603;bachläufe;2;;
3605;müssen;2;;
3625;telex;2;;
3652;zentrum;2;;
3663;gesunde;2;;
3664;bergluft;2;;
3665;unerschöpfliches;2;;
3667;wandern;2;;
3668;sommerskifahren;2;;
3669;bergsteigen;2;;
3670;tennisspielen;2;;
3671;kutschefahren;2;;
3672;konzerte;2;;
3673;hören;2;;
3739;wirklichkeit;2;;
3748;talweg;2;;
3749;wanderwege;2;;
3750;alpengebiets;2;;
3751;marschstunden;2;;
3752;bewältigen;2;;
3753;attraktion;2;;
3754;bereichert;2;;
3755;wintersicherer;2;;
3756;ehemalige;2;;
3757;kantonsstrasse;2;;
3758;wildromantische;2;;
3759;landwasserschlucht;2;;
3760;motorfahrzeugverkehr;2;;
3761;gesperrt;2;;
3762;verkehrsfreien;2;;
3765;lutry;2;;
3771;preis;2;;
3776;graubündens;2;;
3802;hält;2;;
3806;fern;2;;
3825;matterhorn;2;;
3839;rolle;2;;
3845;flüelapass;2;;
3860;aher;2;;
3863;ausserdem;2;;
3864;ruhe;2;;
3878;aussteller;2;;
3910;aspekte;2;;
3922;herbert;2;;
3927;woche;2;;
3940;ren;2;;
3958;wehrt;2;;
3966;flüelapasses;2;;
3979;ger;2;;
3982;westschweiz;2;;
3988;seniocare;2;;
3995;dsr;2;;
4004;stutz;2;;
4019;schreibt;2;;
4027;analyse;2;;
4037;schaff;2;;
4062;vereina;2;;
4100;besitz;2;;
4103;mittlerer;2;;
4106;älterer;2;;
4132;kauf;2;;
4153;daher;2;;
4162;walliser;2;;
4181;tun;2;;
4187;helfen;2;;
4202;grossküchen;2;;
4233;japanischen;2;;
4284;int;2;;
4350;begrüssung;2;;
4351;leiter;2;;
4363;gebracht;2;;
4399;grauen;2;;
4421;se;2;;
4479;valais;2;;
4511;namenaktien;2;;
4543;naturschutz;2;;
4544;mavino;2;;
4570;schwester;2;;
4571;ältere;2;;
4605;effekt;2;;
4606;schaftsbild;2;;
4608;bauingenieur;2;;
4609;glied;2;;
4610;wettbewerbsjury;2;;
4611;verdeutlicht;2;;
4612;bergseitige;2;;
4624;oberkante;2;;
4625;verkehrsweg;2;;
4626;bedinge;2;;
4630;schnitt;2;;
4632;bestehende;2;;
4638;lager;2;;
4670;conzetts;2;;
4671;persönliches;2;;
4672;architekturbiennale;2;;
4673;venedig;2;;
4674;fotografi;2;;
4675;ert;2;;
4676;thematisiert;2;;
1;studienreise;1;;
2;planen;1;;
4;heidiland;1;;
5;bernhard;1;;
7;gelegentlichen;1;;
9;oberengadins;1;;
12;verblüffend;1;;
13;woher;1;;
14;eintritt;1;;
15;diesmal;1;;
18;bever;1;;
19;überrascht;1;;
20;weite;1;;
21;alpentales;1;;
23;imposante;1;;
24;bergkulisse;1;;
29;abzulenken;1;;
31;talboden;1;;
33;veltlins;1;;
36;frühling;1;;
40;aufgesucht;1;;
41;ser;1;;
43;herrliches;1;;
44;erholungsgebiet;1;;
45;mildem;1;;
46;sonnigem;1;;
50;intakten;1;;
51;natürlichkeit;1;;
55;unterhalten;1;;
56;einwandfrei;1;;
57;signalisiert;1;;
58;wähnenswert;1;;
59;menhang;1;;
60;prachtvolle;1;;
62;campo;1;;
64;reichbare;1;;
65;höhenweg;1;;
68;einander;1;;
69;gesamtarbeitsverträgen;1;;
70;urgrossmutter;1;;
72;lydia;1;;
73;kaufmann;1;;
74;fajauna;1;;
78;ausbezahlt;1;;
79;sozialdemokratische;1;;
80;partei;1;;
81;regierte;1;;
84;lebensräume;1;;
85;komplizierter;1;;
86;drängender;1;;
87;wildnis;1;;
88;fortschritt;1;;
89;benachteiligt;1;;
91;pakt;1;;
92;beteiligen;1;;
93;geld;1;;
94;militärischen;1;;
96;kalter;1;;
97;krieg;1;;
99;trat;1;;
100;aufholrennen;1;;
103;objekte;1;;
105;privater;1;;
108;loge;1;;
109;beteiligung;1;;
116;dischen;1;;
118;komitee;1;;
123;welterbes;1;;
124;nommen;1;;
126;transversale;1;;
128;renommierte;1;;
130;achte;1;;
131;stätte;1;;
138;rollt;1;;
141;ziehungsweise;1;;
144;spurbreite;1;;
146;andeutet;1;;
147;streckt;1;;
148;alleine;1;;
150;bezieht;1;;
151;angrenzende;1;;
155;linien;1;;
157;angrenzenden;1;;
158;pufferzonen;1;;
161;rhein;1;;
162;neunkirch;1;;
163;verstädterten;1;;
165;thayngen;1;;
166;spezialfall;1;;
167;mühle;1;;
168;ramsen;1;;
169;orlsbilder;1;;
174;eindringlich;1;;
176;werlsteigernd;1;;
177;intakte;1;;
178;hochwertige;1;;
181;hinweis;1;;
183;anwendung;1;;
184;isos;1;;
185;rundet;1;;
188;typographischen;1;;
190;vermögen;1;;
193;flauen;1;;
194;abbildungen;1;;
196;gerhard;1;;
197;garstenauer;1;;
198;johann;1;;
200;gsteu;1;;
203;rudolf;1;;
204;wäger;1;;
206;wirsing;1;;
208;biographie;1;;
209;vermitteln;1;;
211;wesentlichen;1;;
215;material;1;;
216;unsichtbaren;1;;
218;architekturproduktion;1;;
219;interviews;1;;
220;pläne;1;;
221;fotos;1;;
222;entstehungszeit;1;;
223;aktuelle;1;;
225;nikolaus;1;;
226;schletterer;1;;
227;mentieren;1;;
230;lebensläufe;1;;
231;werkverzeichnisse;1;;
232;bildet;1;;
233;stimmungsvollen;1;;
237;eisbahn;1;;
238;lucerne;1;;
239;ice;1;;
243;leuchtet;1;;
244;neuem;1;;
251;hüllen;1;;
252;hôtels;1;;
253;aicr;1;;
255;neuer;1;;
257;franck;1;;
258;albespy;1;;
261;onsdirektor;1;;
263;beau;1;;
264;rivage;1;;
268;noramalift;1;;
269;kg;1;;
271;beifall;1;;
272;zahlreicher;1;;
274;eingesegnet;1;;
276;riesenkerze;1;;
277;künftig;1;;
278;winters;1;;
279;frutt;1;;
286;distelboden;1;;
288;melchsee;1;;
289;aufzug;1;;
292;pérignon;1;;
293;speziellen;1;;
295;odd;1;;
296;ooöi;1;;
300;schweren;1;;
306;förderungsinstrument;1;;
310;aufzuwerten;1;;
311;erfolgreich;1;;
312;entscheidungsträger;1;;
315;erfüllt;1;;
318;regionalen;1;;
319;naturparks;1;;
320;zuvor;1;;
321;scheiterten;1;;
323;lebendig;1;;
324;wohnlich;1;;
328;regionaltypische;1;;
329;integral;1;;
331;baubewilligungspraxis;1;;
333;stehenden;1;;
335;bestmöglich;1;;
336;schonen;1;;
337;gestaltlingsvorschriften;1;;
338;optimalen;1;;
341;beitragen;1;;
342;konkrete;1;;
343;dauernde;1;;
344;eigenleistungen;1;;
345;ortsbildschutzes;1;;
346;ortsbildpflege;1;;
347;nachweisen;1;;
348;kollektivmitglied;1;;
350;gwv;1;;
351;literatur;1;;
353;kunstführer;1;;
354;stadtkirche;1;;
355;laufenburg;1;;
358;pusrhlav;1;;
374;schutzes;1;;
376;einpasste;1;;
379;tunnelbauten;1;;
382;autor;1;;
385;offengelassene;1;;
386;lücke;1;;
387;weckt;1;;
394;clavadel;1;;
397;niederschlagsfreiem;1;;
400;wildboden;1;;
401;waldfriedhof;1;;
402;wanderzeit;1;;
404;minuten;1;;
405;mitnehmen;1;;
406;programm;1;;
409;tourismusort;1;;
411;heilkraft;1;;
413;hochtales;1;;
414;gelten;1;;
415;ticht;1;;
421;frühzeit;1;;
423;fl;1;;
424;r;1;;
426;fc;1;;
429;untersuchung;1;;
434;frey;1;;
435;inhalt;1;;
438;landschaftsbegriff;1;;
441;aktueller;1;;
449;historisches;1;;
450;nutzungssystem;1;;
453;musealität;1;;
456;fichtenholz;1;;
457;dunkelbraun;1;;
458;grundiert;1;;
459;floralem;1;;
460;dekor;1;;
462;eintüriger;1;;
463;korpus;1;;
464;stollenfüssen;1;;
465;konkav;1;;
466;geschweifter;1;;
467;kranz;1;;
469;zweifach;1;;
470;kassettiert;1;;
471;spiegel;1;;
472;umenbouquet;1;;
473;bzw;1;;
474;burg;1;;
475;datiert;1;;
477;kgr;1;;
478;rehsessel;1;;
479;buchenholz;1;;
480;runder;1;;
482;sitzfläche;1;;
483;ovaler;1;;
484;lehne;1;;
485;geschweiften;1;;
486;armlehnen;1;;
488;dick;1;;
489;graubùnden;1;;
523;cevey;1;;
524;jacques;1;;
525;conseiller;1;;
527;syndic;1;;
528;weber;1;;
529;municipal;1;;
530;clarens;1;;
531;suppl;1;;
533;velo;1;;
535;solarmobil;1;;
537;zeitepochen;1;;
540;sust;1;;
543;misteil;1;;
544;tiefencastel;1;;
545;karolingischen;1;;
546;kirche;1;;
549;sprache;1;;
553;geschichten;1;;
555;erlebt;1;;
557;sommerprogramm;1;;
558;gepackt;1;;
559;bestehendes;1;;
560;bahnerlebnis;1;;
563;flix;1;;
570;zeitlich;1;;
571;kulturell;1;;
600;ingenieurtechnisches;1;;
603;berechnungsmethoden;1;;
606;jj;1;;
607;partie;1;;
608;rédactionnelle;1;;
611;beschlossen;1;;
613;amtlichen;1;;
614;vermessung;1;;
615;umfassendes;1;;
616;integrieren;1;;
617;ziel;1;;
619;zweckverband;1;;
621;cui;1;;
622;ora;1;;
623;il;1;;
624;sistema;1;;
625;può;1;;
626;essere;1;;
627;introdotto;1;;
628;modo;1;;
629;produttivo;1;;
631;kleine;1;;
633;exekutive;1;;
648;legislative;1;;
649;januar;1;;
650;durchzuführen;1;;
652;edv;1;;
654;gesamtinvestition;1;;
656;veranschlagt;1;;
657;verteilschlüssel;1;;
658;ergab;1;;
660;betreibers;1;;
661;betreiber;1;;
662;abgeschlossene;1;;
663;zusammenarbeitsvertrag;1;;
665;realisierung;1;;
667;geeignetes;1;;
668;hilfsmittels;1;;
669;zweckmässige;1;;
670;wirtschaftliche;1;;
671;zukunftsgerichtete;1;;
672;verwaltung;1;;
673;raumes;1;;
674;erfassung;1;;
676;auswertung;1;;
677;interessanten;1;;
678;bereitgestellt;1;;
679;wobei;1;;
680;vorhandenen;1;;
681;möglichst;1;;
682;benutzerkreis;1;;
685;umfassende;1;;
686;datenbank;1;;
687;aufbauend;1;;
689;katastereneuerung;1;;
690;grunddatensatz;1;;
692;teileinheit;1;;
693;baugebiet;1;;
694;fraktionen;1;;
696;liegenschaften;1;;
697;bearbeitet;1;;
698;arbeiten;1;;
700;register;1;;
701;sämtliche;1;;
702;parzellen;1;;
704;zustelladresse;1;;
706;grundeigentümer;1;;
708;kulturteilflächen;1;;
709;lokalnamen;1;;
710;erfasst;1;;
711;wasserversorgung;1;;
712;hydrantenplan;1;;
713;betriebsschema;1;;
714;erstellt;1;;
715;abwasser;1;;
716;eingabe;1;;
717;schachtprotokollen;1;;
718;kanalisationspläne;1;;
719;automatisch;1;;
723;nachdiplomkurse;1;;
724;tragwerk;1;;
726;verbindungstechniken;1;;
727;holzfachschule;1;;
728;biel;1;;
730;landschaftsarchitektur;1;;
731;eth;1;;
733;meinte;1;;
735;gestalterische;1;;
740;neunzigerjahren;1;;
741;beschäftigt;1;;
742;tragwerke;1;;
743;vielerorts;1;;
744;unterhaltsaufwands;1;;
746;dach;1;;
747;porträt;1;;
748;kostenträchtig;1;;
749;dreinredeten;1;;
751;ungewöhnliche;1;;
752;perrondach;1;;
755;sorgfältige;1;;
757;erwachende;1;;
759;unternehmens;1;;
760;hoher;1;;
774;wilden;1;;
775;fragiles;1;;
776;schräg;1;;
777;verlaufendes;1;;
778;seilgeflecht;1;;
779;erhaschen;1;;
781;wunderlich;1;;
782;genug;1;;
784;traversiner;1;;
785;tobel;1;;
788;unmöglich;1;;
789;trotzdem;1;;
790;realität;1;;
793;kantonales;1;;
794;statistisches;1;;
797;fischereijahr;1;;
798;zahlen;1;;
799;uli;1;;
800;aargauischer;1;;
801;waldwirtschaftsverband;1;;
803;abart;1;;
806;abay;1;;
807;györgy;1;;
808;abbaugebiete;1;;
810;abbimi;1;;
811;luca;1;;
812;abdelhamid;1;;
813;sofiane;1;;
816;ahegg;1;;
817;christof;1;;
818;abetel;1;;
819;emmanuel;1;;
820;abfall;1;;
822;collegium;1;;
823;generale;1;;
826;verlängerten;1;;
827;aufenthalt;1;;
828;verleiten;1;;
829;gewartet;1;;
830;interaktiv;1;;
832;belehrend;1;;
834;themenweg;1;;
836;infotainment;1;;
839;entdecken;1;;
840;erwandern;1;;
842;schilderwald;1;;
843;ausführlichster;1;;
844;wissensvermittlung;1;;
847;gefällig;1;;
849;durchaus;1;;
851;entstehung;1;;
852;weins;1;;
853;verfolgen;1;;
855;erde;1;;
857;wichtigkeit;1;;
858;discounter;1;;
860;verkaufen;1;;
863;aldi;1;;
867;mais;1;;
868;mus;1;;
869;bedeuten;1;;
870;rosa;1;;
871;ferien;1;;
872;derheiten;1;;
873;hauptpart;1;;
874;spielen;1;;
875;tom;1;;
876;roth;1;;
877;gründer;1;;
878;community;1;;
880;verkauft;1;;
881;innsbrucker;1;;
882;manifest;1;;
883;besiegeln;1;;
885;klinik;1;;
886;beverin;1;;
889;gartmann;1;;
890;wildhüter;1;;
891;tschappina;1;;
892;christian;1;;
893;geiger;1;;
896;natura;1;;
897;berggasse;1;;
900;hannes;1;;
902;viaistrasse;1;;
903;zizers;1;;
913;masanserstrasse;1;;
914;ragaz;1;;
916;erwin;1;;
917;steinmann;1;;
918;montalinstrasse;1;;
919;toni;1;;
920;pfiffner;1;;
921;munté;1;;
922;weidmann;1;;
923;landschaftsarchitekt;1;;
924;htl;1;;
925;hengert;1;;
926;wicklung;1;;
930;publiziert;1;;
931;wagner;1;;
934;zeitperiode;1;;
937;floristischen;1;;
938;angaben;1;;
939;veröffentlicht;1;;
941;buwal;1;;
942;erteilte;1;;
943;zdsf;1;;
944;floristische;1;;
945;fortschritte;1;;
947;veröffentlichen;1;;
948;palese;1;;
949;moser;1;;
950;methodisches;1;;
951;vorgehen;1;;
952;vorliegende;1;;
953;verzeichnis;1;;
954;lehnt;1;;
955;publikationsform;1;;
957;klein;1;;
959;reichen;1;;
961;eröffneten;1;;
962;spurigen;1;;
963;zahnradbahn;1;;
965;halbstündigen;1;;
967;geniessen;1;;
969;aussicht;1;;
970;bodensee;1;;
971;hinüber;1;;
972;süddeutschlands;1;;
973;delta;1;;
974;bregenzer;1;;
975;bucht;1;;
980;nostalgiewagen;1;;
981;schönem;1;;
982;fahrplanmässig;1;;
983;einsatz;1;;
984;wär;1;;
986;rundfahrt;1;;
987;optische;1;;
991;gelt;1;;
992;gemeindepräsident;1;;
994;seitenblick;1;;
995;schmunzelnd;1;;
996;fest;1;;
997;gerettet;1;;
999;kleinod;1;;
1000;verträumten;1;;
1002;teichen;1;;
1003;sumpf;1;;
1005;lauf;1;;
1007;wachsen;1;;
1010;gekippt;1;;
1012;münden;1;;
1015;grad;1;;
1016;kälter;1;;
1018;pedrazzini;1;;
1019;lugano;1;;
1020;lam;1;;
1021;engiadmais;1;;
1022;fromm;1;;
1032;wmmt;1;;
1033;orizont;1;;
1034;untergurte;1;;
1035;ragen;1;;
1036;hochwasserspiegel;1;;
1037;flaz;1;;
1038;holzbogenbrücke;1;;
1039;engiadinais;1;;
1040;liegenschaft;1;;
1041;charakteristisch;1;;
1042;alpenbahn;1;;
1043;wichtigsten;1;;
1044;bündnertäler;1;;
1045;erschloss;1;;
1046;eingehende;1;;
1047;eingliederte;1;;
1048;typen;1;;
1050;lücken;1;;
1052;ergänzen;1;;
1109;beschreibt;1;;
1110;ideen;1;;
1111;inhalte;1;;
1112;anstehenden;1;;
1113;problemen;1;;
1115;wahrhaftig;1;;
1118;verwirklichung;1;;
1119;heimatschutzanliegen;1;;
1120;rechtliche;1;;
1123;umnutzung;1;;
1124;gebäuden;1;;
1125;ursprünglich;1;;
1127;dienten;1;;
1129;fachgruppe;1;;
1133;forschungsprogramms;1;;
1134;kulturgütern;1;;
1135;nfp;1;;
1137;erhob;1;;
1141;details;1;;
1142;vorsorglich;1;;
1144;betraf;1;;
1146;beznau;1;;
1147;villnachern;1;;
1148;befasste;1;;
1150;beeinträchtigung;1;;
1152;habsburg;1;;
1153;übertragungsleitung;1;;
1154;sbb;1;;
1155;eglisau;1;;
1156;eisenbahnlinie;1;;
1158;grossenteils;1;;
1159;tiefen;1;;
1160;einschnitt;1;;
1161;verläuft;1;;
1163;anlass;1;;
1164;demarche;1;;
1165;unterwerk;1;;
1167;regensdorf;1;;
1168;insgesamt;1;;
1169;kilometern;1;;
1171;stansstad;1;;
1172;ennetbürgen;1;;
1173;nw;1;;
1175;landschaftsbild;1;;
1176;bezeichnet;1;;
1177;wichtiges;1;;
1180;eingefügt;1;;
1181;ersetze;1;;
1185;stichleitungen;1;;
1186;verkabeln;1;;
1187;grössere;1;;
1188;anforderungen;1;;
1192;geführte;1;;
1193;gänge;1;;
1194;verzichten;1;;
1195;gegenteil;1;;
1197;motto;1;;
1200;kennenlernen;1;;
1201;stündige;1;;
1202;führungen;1;;
1206;bisschen;1;;
1207;form;1;;
1208;anschauungsunterricht;1;;
1210;adventszeit;1;;
1211;ländische;1;;
1214;zentren;1;;
1215;beneiden;1;;
1216;freut;1;;
1217;deutsch;1;;
1219;frühere;1;;
1220;praktisch;1;;
1221;gebrochen;1;;
1222;umfahrungstunnel;1;;
1223;felsdreieck;1;;
1224;lichtdioden;1;;
1225;reflektierenden;1;;
1226;schicht;1;;
1227;glasperlen;1;;
1228;überziehen;1;;
1229;nacht;1;;
1230;nebel;1;;
1231;ausschnitt;1;;
1232;schimmern;1;;
1233;bergfeuer;1;;
1236;zerfliessen;1;;
1251;bildete;1;;
1252;künstlerische;1;;
1253;schafft;1;;
1257;reagieren;1;;
1261;initiant;1;;
1263;seeverein;1;;
1264;mirjam;1;;
1265;hochuli;1;;
1266;till;1;;
1267;antonius;1;;
1268;verstreut;1;;
1269;merkmal;1;;
1270;alpiner;1;;
1274;zuzuschauen;1;;
1276;verfallen;1;;
1283;begreift;1;;
1284;jahrhunderte;1;;
1285;gewordene;1;;
1288;verrotten;1;;
1289;ferienhüsli;1;;
1290;umbauen;1;;
1291;naturmuseum;1;;
1292;sanieren;1;;
1293;stausee;1;;
1294;felix;1;;
1295;hunger;1;;
1297;bauzeit;1;;
1298;sanierung;1;;
1300;stützt;1;;
1302;patria;1;;
1304;umstritten;1;;
1306;kraftwerker;1;;
1308;neunzigerjahre;1;;
1309;zurückgezogen;1;;
1311;umweltschützer;1;;
1312;grundsätzlich;1;;
1314;lebensraum;1;;
1317;bauherrschaft;1;;
1318;rätia;1;;
1319;überarbeitung;1;;
1321;planes;1;;
1322;betrifft;1;;
1324;archäologie;1;;
1325;kantonale;1;;
1327;schützenswerten;1;;
1329;aktuellen;1;;
1330;angepasst;1;;
1331;augenmerk;1;;
1332;kleinobjekte;1;;
1333;gelegt;1;;
1334;wegkreuze;1;;
1335;marchsteine;1;;
1336;brunnen;1;;
1337;gungsanlagen;1;;
1338;fährdet;1;;
1339;unbeachtet;1;;
1341;schwinden;1;;
1342;erwähnung;1;;
1343;genannten;1;;
1344;kommunalen;1;;
1345;geographica;1;;
1379;maßes;1;;
1381;beurteilung;1;;
1382;lösung;1;;
1383;grundsatzfrage;1;;
1384;echte;1;;
1385;hilfe;1;;
1388;industrial;1;;
1389;designer;1;;
1391;professor;1;;
1392;hochschule;1;;
1393;fhnw;1;;
1394;rote;1;;
1396;schluchten;1;;
1397;folgt;1;;
1398;bergbach;1;;
1399;erklimmt;1;;
1400;passhöhen;1;;
1403;greutmann;1;;
1404;trage;1;;
1405;überrollbügel;1;;
1407;rucksack;1;;
1408;schultert;1;;
1412;ftache;1;;
1413;terrain;1;;
1416;version;1;;
1418;engem;1;;
1420;fazit;1;;
1421;design;1;;
1423;greutman;1;;
1424;ambiente;1;;
1425;innenausstattung;1;;
1428;arvenstübchen;1;;
1429;salsiz;1;;
1430;holzbrett;1;;
1431;gondeln;1;;
1436;lufthansa;1;;
1437;wirke;1;;
1439;swiss;1;;
1440;weiblich;1;;
1441;allegra;1;;
1442;sprengten;1;;
1443;innenarchitekten;1;;
1446;schnell;1;;
1447;klar;1;;
1453;ging;1;;
1454;darum;1;;
1455;inszenieren;1;;
1457;besucherinnen;1;;
1458;lenken;1;;
1460;wahrgenommen;1;;
1461;konzipierten;1;;
1462;hauptwerkstätte;1;;
1466;verwendeten;1;;
1467;gasser;1;;
1468;derungs;1;;
1469;rotes;1;;
1470;baugerüsten;1;;
1471;entwickeltes;1;;
1473;einkleideten;1;;
1475;temporäre;1;;
1476;begehbare;1;;
1477;strukturen;1;;
1478;ragten;1;;
1479;standen;1;;
1480;perron;1;;
1481;installationen;1;;
1482;involvierten;1;;
1484;england;1;;
1485;genauso;1;;
1488;unterland;1;;
1489;fiktive;1;;
1492;demgegenüber;1;;
1495;projekte;1;;
1496;l;1;;
1497;tees;1;;
1498;ss;1;;
1499;arbeitslandschaft;1;;
1500;vrin;1;;
1501;metzgerei;1;;
1505;caminada;1;;
1507;bauherren;1;;
1508;endlos;1;;
1509;zwecklos;1;;
1511;einundzwanzig;1;;
1514;katalog;1;;
1515;versammelt;1;;
1516;bemerkenswerte;1;;
1517;kartenbetrachtung;1;;
1519;gediehene;1;;
1521;bilderreich;1;;
1523;voraus;1;;
1524;städtebau;1;;
1526;dicht;1;;
1527;bewohnte;1;;
1528;voll;1;;
1530;kelle;1;;
1531;mittendrin;1;;
1532;gewühl;1;;
1533;erfinden;1;;
1535;ziegelstein;1;;
1537;inszenierung;1;;
1547;kartenspiel;1;;
1550;monumentalen;1;;
1551;tiefbauten;1;;
1552;hungrige;1;;
1553;bauwirtschaft;1;;
1555;widerständig;1;;
1556;eigensinnig;1;;
1557;still;1;;
1558;langsam;1;;
1559;leise;1;;
1560;lebhaftes;1;;
1564;wiesen;1;;
1565;gebüsch;1;;
1566;enziane;1;;
1567;füchse;1;;
1568;schlehdorn;1;;
1569;ruf;1;;
1570;zinktänk;1;;
1571;basler;1;;
1572;bildern;1;;
1573;liefert;1;;
1594;drängten;1;;
1595;wucherte;1;;
1596;gegenden;1;;
1598;einsicht;1;;
1601;begann;1;;
1602;langes;1;;
1605;fügen;1;;
1606;spektakulären;1;;
1607;viadukten;1;;
1609;zählen;1;;
1610;nahm;1;;
1617;zschokke;1;;
1618;gothard;1;;
1619;et;1;;
1620;paysage;1;;
1621;the;1;;
1623;motorway;1;;
1625;landscape;1;;
1626;architecture;1;;
1627;rechtfertigung;1;;
1632;zeugnis;1;;
1636;teile;1;;
1637;tales;1;;
1639;planer;1;;
1641;berührte;1;;
1642;vorfanden;1;;
1644;beauftragten;1;;
1645;explizit;1;;
1648;totalplanung;1;;
1649;totalgestaltung;1;;
1651;umgestaltung;1;;
1652;verantwortung;1;;
1653;entsprechenden;1;;
1654;öffentlichen;1;;
1655;handelsleute;1;;
1656;führten;1;;
1658;gotthardpasses;1;;
1661;saumweg;1;;
1662;befahrbaren;1;;
1663;steigungen;1;;
1664;maximal;1;;
1665;aufwies;1;;
1669;furcht;1;;
1670;zeitgenössischen;1;;
1671;stilfserjochstrasse;1;;
1672;herausgelesen;1;;
1674;verstanden;1;;
1675;bewusste;1;;
1677;vermeidung;1;;
1678;hauptgrundsätze;1;;
1679;talsohle;1;;
1680;verlegen;1;;
1682;hang;1;;
1683;angeschnitten;1;;
1684;angeschnittenen;1;;
1688;steinschlag;1;;
1689;schräge;1;;
1690;herausgreifen;1;;
1691;ausdruck;1;;
1692;fliessens;1;;
1693;geschwindigkeit;1;;
1694;fahrbahnen;1;;
1695;gefahren;1;;
1703;west;1;;
1705;gutzwiller;1;;
1706;nordwestschweizerischen;1;;
1707;lüdin;1;;
1709;managementplan;1;;
1710;errichtung;1;;
1711;regelt;1;;
1712;aufbau;1;;
1714;managements;1;;
1715;qualitätssicherung;1;;
1716;parks;1;;
1718;prüft;1;;
1719;gesuche;1;;
1721;evaluation;1;;
1723;qualitäten;1;;
1728;informationskampagne;1;;
1729;näher;1;;
1731;unterstützen;1;;
1733;bekanntmachung;1;;
1734;kandidaten;1;;
1735;wagen;1;;
1736;realisiert;1;;
1739;rollmaterial;1;;
1740;streckenbauten;1;;
1742;fällen;1;;
1743;zusammengehörende;1;;
1744;einheiten;1;;
1745;hierzu;1;;
1746;unzähligen;1;;
1749;könnten;1;;
1750;beliebig;1;;
1751;erweitert;1;;
1753;bahnmaterial;1;;
1754;wichtigen;1;;
1757;privaten;1;;
1758;eved;1;;
1760;kantonalrechtichen;1;;
1761;bewilligung;1;;
1762;unterwerfen;1;;
1763;erfordert;1;;
1764;betreffenden;1;;
1765;industriezone;1;;
1766;ausgeschieden;1;;
1767;rand;1;;
1769;geschilderte;1;;
1770;betrachte;1;;
1771;feinde;1;;
1772;täuscht;1;;
1775;umweltfreundlichste;1;;
1776;verkehrsmittel;1;;
1777;büro;1;;
1778;verfolgung;1;;
1779;angelegenheit;1;;
1780;beauftragt;1;;
1781;orientiert;1;;
1782;soiothurn;1;;
1784;demarchen;1;;
1785;wichtigste;1;;
1786;umweltschutzverbände;1;;
1787;tunnelvariante;1;;
1788;roggwil;1;;
1789;langenthal;1;;
1790;wässermatten;1;;
1792;doppelspurausbau;1;;
1793;linken;1;;
1794;bielerseeufer;1;;
1795;droht;1;;
1796;reblandschaft;1;;
1797;beeinträchtigen;1;;
1798;betroffen;1;;
1801;bipschal;1;;
1802;benheiten;1;;
1803;aktiv;1;;
1804;sehe;1;;
1806;vermarkten;1;;
1807;gehörten;1;;
1809;langfristige;1;;
1811;scher;1;;
1812;he;1;;
1813;heit;1;;
1815;entstehende;1;;
1817;laufende;1;;
1818;anpassung;1;;
1821;relevanten;1;;
1822;zielgruppen;1;;
1823;attraktiv;1;;
1825;hoffe;1;;
1826;saaser;1;;
1827;cina;1;;
1830;richten;1;;
1831;laut;1;;
1832;chef;1;;
1834;mögliches;1;;
1836;erfolgsrezept;1;;
1837;ausgangslage;1;;
1838;stimmt;1;;
1841;ristische;1;;
1842;infrastruktur;1;;
1844;politische;1;;
1845;stabilität;1;;
1846;fähige;1;;
1849;ferientag;1;;
1851;künftige;1;;
1852;gästebedürfnisse;1;;
1853;einzustimmen;1;;
1854;konsumenten;1;;
1855;morgen;1;;
1857;grüner;1;;
1858;eingehen;1;;
1859;dern;1;;
1860;freuen;1;;
1861;kreis;1;;
1862;stimmabgabe;1;;
1863;seltener;1;;
1864;einmüthigkeit;1;;
1865;sache;1;;
1867;blatt;1;;
1868;umfasste;1;;
1869;beginn;1;;
1871;erschien;1;;
1872;dreimal;1;;
1874;amtsblatt;1;;
1875;löste;1;;
1877;amann;1;;
1878;regierungsrat;1;;
1879;stiffler;1;;
1881;redaktor;1;;
1882;zeitung;1;;
1883;belegte;1;;
1885;zweier;1;;
1888;angesehen;1;;
1890;gelungene;1;;
1891;tegration;1;;
1893;dukte;1;;
1894;rende;1;;
1896;bahnmuseums;1;;
1898;hungsgeschichte;1;;
1900;jekten;1;;
1901;tondokumenten;1;;
1902;videoinstallationen;1;;
1904;plizierte;1;;
1905;bm;1;;
1906;c;1;;
1908;fahre;1;;
1909;bauernhausforschung;1;;
1910;rückblick;1;;
1911;ausblick;1;;
1912;jber;1;;
1913;hist;1;;
1914;marcadant;1;;
1915;danz;1;;
1916;ann;1;;
1917;zehrer;1;;
1918;rheingau;1;;
1919;montfort;1;;
1921;malerpoet;1;;
1922;ardüser;1;;
1923;volkstümliche;1;;
1924;doppelbegabung;1;;
1925;wende;1;;
1926;walser;1;;
1927;volkstum;1;;
1928;durchgesehene;1;;
1929;ergänzte;1;;
1930;auflage;1;;
1931;umfangreicher;1;;
1932;bibliographie;1;;
1933;frauenfeld;1;;
1936;bfu;1;;
1937;behalten;1;;
1938;situation;1;;
1939;auge;1;;
1940;anhaltspunkte;1;;
1941;mögliche;1;;
1943;gefahrenlage;1;;
1944;klimawandel;1;;
1945;unwetterschadensstatistik;1;;
1946;geben;1;;
1947;eidgenössischen;1;;
1948;forschungsanstalt;1;;
1949;wsl;1;;
1950;erkennt;1;;
1951;entsprechende;1;;
1952;norina;1;;
1953;andres;1;;
1954;expertin;1;;
1955;gebirgshydrologie;1;;
1956;massenbewegung;1;;
1957;trends;1;;
1958;unwetterschäden;1;;
1959;untersucht;1;;
1960;resultate;1;;
1961;signifikante;1;;
1963;schadenskosten;1;;
1965;einigung;1;;
1966;brücke;1;;
1967;experimentieren;1;;
1968;reinen;1;;
1969;farbe;1;;
1970;bestärkt;1;;
1971;entstand;1;;
1972;eigenständiges;1;;
1973;reichhaltiges;1;;
1975;traten;1;;
1976;hervor;1;;
1978;obsternte;1;;
1979;selbstporträt;1;;
1980;schuf;1;;
1982;lereien;1;;
1983;schicksalhaft;1;;
1985;papierfabrikanten;1;;
1986;freund;1;;
1987;sammler;1;;
1988;oskar;1;;
1989;biberist;1;;
1991;gekauft;1;;
1993;kunstliebhabern;1;;
1994;löst;1;;
1995;präsidium;1;;
1996;präsidialzeit;1;;
1997;reformprozess;1;;
2000;verankerung;1;;
2002;wissenschaftsbetrieb;1;;
2004;www;1;;
2005;ch;1;;
2007;verlängert;1;;
2008;ständerat;1;;
2010;verlängerung;1;;
2011;zugestimmt;1;;
2012;parlament;1;;
2013;hinweg;1;;
2014;spargründen;1;;
2016;verlängern;1;;
2017;feiert;1;;
2018;jähriges;1;;
2019;treibende;1;;
2021;trug;1;;
2022;wesentliches;1;;
2023;sensibilisierung;1;;
2024;banalisierung;1;;
2025;zersiedelung;1;;
2026;bedrohten;1;;
2028;markant;1;;
2030;meilensteine;1;;
2032;oberengadiner;1;;
2033;seenplatte;1;;
2034;wasserfälle;1;;
2035;laggintales;1;;
2036;vs;1;;
2039;wärterhäuschen;1;;
2042;besonderheit;1;;
2061;altstadt;1;;
2062;stiftsbibliothek;1;;
2063;stiftsbezirk;1;;
2066;casutt;1;;
2067;ulrike;1;;
2068;sax;1;;
2070;tätigkeiten;1;;
2071;anlässe;1;;
2072;kanada;1;;
2073;weltkulturerbekandidatur;1;;
2086;betroffenen;1;;
2088;ministerium;1;;
2089;kulturgüter;1;;
2090;kulturelle;1;;
2092;segantini;1;;
2093;künstlerfamilie;1;;
2094;giacometti;1;;
2095;augusto;1;;
2096;alberto;1;;
2097;geworden;1;;
2098;auftreten;1;;
2099;geographisch;1;;
2100;begrenzten;1;;
2101;topographisch;1;;
2102;markanten;1;;
2106;spuren;1;;
2107;künstler;1;;
2108;kulturgeschichte;1;;
2109;gells;1;;
2110;geschlossenheit;1;;
2111;alter;1;;
2112;herrschaftlicher;1;;
2113;ablesen;1;;
2114;fehlte;1;;
2118;magnete;1;;
2119;passagiere;1;;
2122;betreut;1;;
2123;zusammenfügen;1;;
2124;unerschütterlich;1;;
2125;FALSCH;1;;
2126;marke;1;;
2127;bahnfahrt;1;;
2129;bezeichnen;1;;
2130;dauert;1;;
2131;voller;1;;
2132;acht;1;;
2134;müsste;1;;
2136;tessin;1;;
2137;doubs;1;;
2153;schlussbericht;1;;
2154;abwasserverband;1;;
2155;glarnerland;1;;
2156;noms;1;;
2159;steile;1;;
2160;hinaufarbeitet;1;;
2162;meditation;1;;
2164;regelmässig;1;;
2165;beobachten;1;;
2167;schützenswertes;1;;
2168;schlittelmekka;1;;
2169;reichweite;1;;
2170;morten;1;;
2171;larses;1;;
2172;bergundhaugens;1;;
2173;anreise;1;;
2174;länger;1;;
2175;michael;1;;
2176;hafenrichter;1;;
2177;jungen;1;;
2179;informationen;1;;
2180;restaurant;1;;
2181;grischuna;1;;
2183;reto;1;;
2184;uffer;1;;
2187;visit;1;;
2189;einmünden;1;;
2190;bahnhofeinführung;1;;
2191;gerader;1;;
2193;erfolgen;1;;
2194;bedeutenden;1;;
2196;bahntechnischer;1;;
2197;hinsicht;1;;
2199;ästhetischen;1;;
2206;kostensumme;1;;
2207;engehaldelinie;1;;
2208;variante;1;;
2209;wyler;1;;
2210;wehr;1;;
2211;darüber;1;;
2212;engehalde;1;;
2213;hof;1;;
2214;rieht;1;;
2215;anmeldung;1;;
2218;medienmitteilung;1;;
2219;landesgrenzen;1;;
2220;naus;1;;
2222;symbiose;1;;
2223;strecken;1;;
2224;roten;1;;
2225;bleibe;1;;
2226;offen;1;;
2227;verwaltungsrat;1;;
2228;verspricht;1;;
2230;pcwveue;1;;
2231;rechtzeitig;1;;
2232;überlegt;1;;
2233;agieren;1;;
2234;mend;1;;
2236;ristiker;1;;
2237;ck;1;;
2238;alain;1;;
2239;botet;1;;
2240;sorge;1;;
2242;faszinierenden;1;;
2243;engelhörner;1;;
2244;bojs;1;;
2246;wartet;1;;
2247;staatsverträge;1;;
2249;trafen;1;;
2250;bonn;1;;
2251;minister;1;;
2254;bewegung;1;;
2257;klimapolitik;1;;
2258;spät;1;;
2259;ewige;1;;
2260;eis;1;;
2261;tische;1;;
2262;reagiert;1;;
2263;sensibel;1;;
2264;klimas;1;;
2265;karl;1;;
2266;verding;1;;
2267;eisigen;1;;
2268;gipfeln;1;;
2269;schwebt;1;;
2270;deutlicher;1;;
2271;nehmbar;1;;
2272;geist;1;;
2273;warmen;1;;
2275;licstal;1;;
2283;entstehen;1;;
2284;hallen;1;;
2285;büros;1;;
2286;editorial;1;;
2287;bauarbeiter;1;;
2288;dutzende;1;;
2289;handvoll;1;;
2290;unternehmer;1;;
2291;sozialen;1;;
2292;politischen;1;;
2294;verhältnisse;1;;
2296;tiefgreifend;1;;
2298;privates;1;;
2300;volkseigentum;1;;
2301;kraftwerkbauten;1;;
2302;ausflüge;1;;
2303;kurgäste;1;;
2304;versprachen;1;;
2305;fuhr;1;;
2306;elektrisch;1;;
2307;betriebene;1;;
2309;tram;1;;
2310;pass;1;;
2311;geschmiegte;1;;
2313;landschaftsblicken;1;;
2314;sturz;1;;
2315;tiefe;1;;
2317;kreisviadukt;1;;
2318;kamen;1;;
2320;architektonischer;1;;
2321;romantisch;1;;
2322;unverfälscht;1;;
2323;duftend;1;;
2324;wohnt;1;;
2326;durchwegs;1;;
2328;warnung;1;;
2329;intensiv;1;;
2330;gebrauchte;1;;
2331;pendlerland;1;;
2332;viertelstunde;1;;
2333;unterwegs;1;;
2334;stehe;1;;
2336;sehenswürdigkeit;1;;
2337;zwanzig;1;;
2338;fussballplätze;1;;
2339;österreichische;1;;
2340;holzkonzern;1;;
2341;mayr;1;;
2342;meinhof;1;;
2343;riesiges;1;;
2344;sägewerk;1;;
2345;eingerichtet;1;;
2346;franco;1;;
2347;schlegel;1;;
2348;wangs;1;;
2349;origineller;1;;
2351;grandiosen;1;;
2352;zeichnungen;1;;
2353;vorstellungen;1;;
2354;naturlandschaft;1;;
2355;vorgestellt;1;;
2356;realisten;1;;
2357;lästig;1;;
2358;bahnten;1;;
2359;gebrauchter;1;;
2360;schwellen;1;;
2361;rampen;1;;
2362;abbrechen;1;;
2363;auslaufräume;1;;
2364;einrichten;1;;
2365;ufer;1;;
2366;befestigen;1;;
2367;auen;1;;
2368;anlegen;1;;
2369;fische;1;;
2371;bauern;1;;
2372;zurückdrängen;1;;
2374;besseren;1;;
2375;hochwasserschutz;1;;
2376;bieten;1;;
2377;faszinierend;1;;
2378;schöntal;1;;
2379;grünen;1;;
2380;zuversicht;1;;
2381;gebrauchstal;1;;
2382;eifrig;1;;
2384;kern;1;;
2385;flusslauf;1;;
2387;disparaten;1;;
2388;zentrumsknoten;1;;
2389;gebildet;1;;
2390;herbeigelockt;1;;
2391;markstein;1;;
2392;einsames;1;;
2393;hochhaus;1;;
2394;ruft;1;;
2395;ortes;1;;
2396;gantenbem;1;;
2398;einflussreiche;1;;
2399;xrs;1;;
2400;diskurs;1;;
2401;gegenseitigen;1;;
2402;austausch;1;;
2405;dre;1;;
2406;ambition;1;;
2407;begegnung;1;;
2408;angenehmen;1;;
2409;generellen;1;;
2410;genuss;1;;
2411;umwerfenden;1;;
2413;einladung;1;;
2414;raymond;1;;
2415;loewy;1;;
2416;foundation;1;;
2417;international;1;;
2419;wiederkehrenden;1;;
2420;treffen;1;;
2421;luxuriöseren;1;;
2422;sorte;1;;
2423;luxuriös;1;;
2424;nrcht;1;;
2425;grandhotel;1;;
2426;suvretta;1;;
2427;house;1;;
2428;anberaumt;1;;
2429;gewiss;1;;
2430;mitten;1;;
2431;reunionsplatz;1;;
2432;sterne;1;;
2433;sternchen;1;;
2434;medien;1;;
2435;edlen;1;;
2436;weine;1;;
2438;ihresgleichen;1;;
2440;samt;1;;
2442;malojawind;1;;
2443;finanzieren;1;;
2444;hôtellerie;1;;
2446;grundsatz;1;;
2448;umsatzes;1;;
2451;rerz;1;;
2452;innenraums;1;;
2453;fremden;1;;
2469;angeht;1;;
2471;leicht;1;;
2472;schlechten;1;;
2473;altes;1;;
2475;drama;1;;
2476;zweck;1;;
2477;hauses;1;;
2478;aussen;1;;
2479;vorgefundene;1;;
2480;fenster;1;;
2481;aufeinander;1;;
2482;bezogen;1;;
2484;tableau;1;;
2485;rn;1;;
2486;gefasst;1;;
2487;präzise;1;;
2488;bemessenen;1;;
2489;gang;1;;
2490;dächer;1;;
2491;bergspitz;1;;
2492;höhlen;1;;
2493;lichtschächte;1;;
2494;einblicke;1;;
2497;projektierte;1;;
2501;alpentransversale;1;;
2502;europas;1;;
2503;steilsten;1;;
2504;adhäsionsbahnen;1;;
2505;aussergewöhnlichen;1;;
2506;einerseits;1;;
2511;berninabahnstrecke;1;;
2512;massgeblich;1;;
2513;landschaftlichen;1;;
2514;attraktionen;1;;
2515;motiviert;1;;
2516;materielle;1;;
2517;christentums;1;;
2518;verkehrswege;1;;
2519;industriegeschichte;1;;
2521;errichteten;1;;
2522;kraftwerksbauten;1;;
2524;europäische;1;;
2528;bewachsene;1;;
2530;eingang;1;;
2531;eduard;1;;
2533;elektrische;1;;
2534;aufgebaut;1;;
2535;inklusive;1;;
2537;aufschrift;1;;
2538;glücklich;1;;
2539;endlich;1;;
2540;demontiert;1;;
2541;zuwachsen;1;;
2542;gesteht;1;;
2543;marianne;1;;
2544;übrigens;1;;
2546;waldhäuschen;1;;
2547;gestanden;1;;
2549;fi;1;;
2553;modellstandorte;1;;
2554;nachhaltige;1;;
2556;mensch;1;;
2557;schwerpunkte;1;;
2558;erforschung;1;;
2559;ökosystemen;1;;
2560;genetischer;1;;
2561;förderung;1;;
2562;menschlicher;1;;
2563;wirtschaftlich;1;;
2564;nachhaltiger;1;;
2565;pflegezone;1;;
2566;entwicklungszone;1;;
2567;entspricht;1;;
2568;entlebuch;1;;
2570;biosphärenreservates;1;;
2571;these;1;;
2572;dickes;1;;
2573;gesteinspaket;1;;
2574;vorderrheintal;1;;
2575;gequetschtund;1;;
2576;glarner;1;;
2577;hauptüberschiebung;1;;
2578;mindestens;1;;
2579;innovatives;1;;
2580;hochalpinen;1;;
2583;vollendet;1;;
2584;alpenraum;1;;
2585;eingereicht;1;;
2586;gezielte;1;;
2587;medieneinladungen;1;;
2588;berichterstattungen;1;;
2589;ausgelöst;1;;
2590;ausgewählte;1;;
2591;key;1;;
2592;accounts;1;;
2593;möglichkeiten;1;;
2594;anzubieten;1;;
2595;ahn;1;;
2596;kombinieren;1;;
2597;virtuelle;1;;
2598;vorstellen;1;;
2599;bereist;1;;
2600;hintergrundinformationen;1;;
2602;inspirieren;1;;
2603;ckhtr;1;;
2605;dolce;1;;
2606;vita;1;;
2607;rc;1;;
2613;session;1;;
2614;kanadischen;1;;
2615;québec;1;;
2617;genannte;1;;
2618;grenzgebiet;1;;
2619;sg;1;;
2620;gl;1;;
2621;verrucanogesteine;1;;
2622;liegen;1;;
2623;alpin;1;;
2624;stube;1;;
2625;landammann;1;;
2626;dr;1;;
2629;film;1;;
2630;gebirgsdienst;1;;
2631;din;1;;
2632;adj;1;;
2633;uof;1;;
2634;ad;1;;
2635;franz;1;;
2637;harten;1;;
2638;behrungsreichen;1;;
2639;einsatzes;1;;
2641;aufsehen;1;;
2642;andré;1;;
2643;jaeger;1;;
2644;schliesst;1;;
2647;rant;1;;
2648;fischerzunft;1;;
2649;sen;1;;
2650;pension;1;;
2651;betriebsjahren;1;;
2652;hälfte;1;;
2653;gault;1;;
2654;millau;1;;
2655;hierzulande;1;;
2656;spitzenkoch;1;;
2657;gastronomische;1;;
2658;nachhaltig;1;;
2660;pionier;1;;
2661;kombination;1;;
2662;asiatischen;1;;
2663;einflüssen;1;;
2664;menten;1;;
2665;nouvelle;1;;
2666;cuisine;1;;
2668;monat;1;;
2670;igassikern;1;;
2671;rigen;1;;
2672;bestsellern;1;;
2676;gültig;1;;
2679;zulässig;1;;
2680;schläge;1;;
2681;bezahlen;1;;
2682;feriengäste;1;;
2684;verschneite;1;;
2685;max;1;;
2686;gain;1;;
2687;railhit;1;;
2688;heuer;1;;
2690;siebten;1;;
2691;schneesport;1;;
2693;beliebt;1;;
2694;weiss;1;;
2695;bertram;1;;
2696;hissung;1;;
2707;praxis;1;;
2708;einfliessen;1;;
2709;fragen;1;;
2710;ansprüchen;1;;
2711;einheimischer;1;;
2712;entstandenen;1;;
2713;konfliktsbereichen;1;;
2714;knappen;1;;
2715;zeigte;1;;
2716;ballmoos;1;;
2717;p;1;;
2718;bebt;1;;
2719;raumansprüche;1;;
2720;zweitgrösste;1;;
2721;nebst;1;;
2722;wohlbekannten;1;;
2729;seitentälern;1;;
2731;gemeindegebiet;1;;
2733;zögernd;1;;
2734;dünn;1;;
2735;besiedelt;1;;
2738;forum;1;;
2739;november;1;;
2740;birmensdorf;1;;
2741;abb;1;;
2742;storia;1;;
2743;kehrsgeschichte;1;;
2744;ziellen;1;;
2745;probleme;1;;
2747;schwieriger;1;;
2748;kulturwegen;1;;
2749;gehörenden;1;;
2750;einzelnen;1;;
2751;programme;1;;
2752;schaft;1;;
2753;didaktik;1;;
2754;fen;1;;
2755;gelungen;1;;
2756;finanzielle;1;;
2757;schneider;1;;
2758;integralen;1;;
2759;projekts;1;;
2762;gelobt;1;;
2763;verleihung;1;;
2764;kommunikation;1;;
2765;tung;1;;
2767;mehrtägigen;1;;
2769;jahrelange;1;;
2770;gelohnt;1;;
2772;bergfreunden;1;;
2773;gemessen;1;;
2774;initiator;1;;
2775;jektleiter;1;;
2776;dubacher;1;;
2777;sag;1;;
2778;sesselriicken;1;;
2779;direktion;1;;
2780;ehepaar;1;;
2781;min;1;;
2782;grimm;1;;
2783;cachemaille;1;;
2785;président;1;;
2786;conseil;1;;
2788;trois;1;;
2789;sociétés;1;;
2790;lesquelles;1;;
2793;détient;1;;
2794;participations;1;;
2795;cr;1;;
2796;strommasten;1;;
2797;aufwertung;1;;
2798;bedeutet;1;;
2799;ersatz;1;;
2800;repower;1;;
2801;unterirdische;1;;
2802;unterhaltsärmer;1;;
2803;leistungsstärker;1;;
2804;heutige;1;;
2805;tigauer;1;;
2806;rheintal;1;;
2807;möglicher;1;;
2808;florida;1;;
2809;aareweg;1;;
2810;studen;1;;
2811;bsl;1;;
2812;sv;1;;
2813;catering;1;;
2814;services;1;;
2815;ferrovia;1;;
2817;viafier;1;;
2818;ausgezeichnet;1;;
2820;nina;1;;
2821;bekannten;1;;
2822;produkten;1;;
2823;gebirgslandschaft;1;;
2825;antritt;1;;
2827;entscheidenden;1;;
2828;positionen;1;;
2843;selbstbewusste;1;;
2844;kühne;1;;
2846;rundum;1;;
2848;feiern;1;;
2849;welterbestätten;1;;
2850;bu;1;;
2851;o;1;;
2852;runden;1;;
2853;geburtstag;1;;
2855;jährt;1;;
2856;tschingelhörner;1;;
2857;veranstaltungsreihe;1;;
2858;tek;1;;
2859;to;1;;
2860;nik;1;;
2862;interessierte;1;;
2863;avers;1;;
2864;rheinwald;1;;
2865;misox;1;;
2866;calanca;1;;
2867;mengia;1;;
2868;mathis;1;;
2870;bergell;1;;
2871;verantwortlich;1;;
2872;johannes;1;;
2873;florin;1;;
2874;schanfigg;1;;
2875;leschg;1;;
2879;nay;1;;
2880;teams;1;;
2882;inne;1;;
2883;gemeinsam;1;;
2884;rutishauser;1;;
2885;betreute;1;;
2886;sakralbauten;1;;
2887;kunstgeschichtlich;1;;
2888;losung;1;;
2889;bestreben;1;;
2890;reisehandbücher;1;;
2891;reiseführer;1;;
2893;berücksichtigen;1;;
2894;ausschließlich;1;;
2895;hauptpunkte;1;;
2897;reiseziele;1;;
2898;großen;1;;
2899;menge;1;;
2900;eisenbahnfahrer;1;;
2901;dagegen;1;;
2902;nebenbei;1;;
2903;reisewege;1;;
2905;fülle;1;;
2906;anregung;1;;
2907;lohnt;1;;
2908;führers;1;;
2909;wort;1;;
2910;kartenbild;1;;
2911;aufmerksamer;1;;
2913;achtlos;1;;
2914;vorüber;1;;
2915;fahren;1;;
2916;vogels;1;;
2917;durchfahrenen;1;;
2919;durchfahrene;1;;
2920;erinnerungen;1;;
2922;bemerkenswerten;1;;
2924;menschlichen;1;;
2925;schaffens;1;;
2926;aufweist;1;;
2928;gewissenhaft;1;;
2929;führer;1;;
2930;gewinnt;1;;
2931;frisches;1;;
2933;spricht;1;;
2934;beschauer;1;;
2935;hunderterlei;1;;
2936;äußerungen;1;;
2938;zeiten;1;;
2939;möge;1;;
2940;denkenden;1;;
2941;orientierung;1;;
2942;ausschnitts;1;;
2943;leporello;1;;
2944;gefaltet;1;;
2945;nachteil;1;;
2946;vorgestellten;1;;
2947;karten;1;;
2949;überwiegend;1;;
2950;grundrissliche;1;;
2952;abteilfenster;1;;
2953;darzustellen;1;;
2954;eignen;1;;
2956;benötigt;1;;
2958;projektionsebene;1;;
2959;cartographica;1;;
2960;veröffentlichung;1;;
2962;heimatschutzarbeit;1;;
2963;gesell;1;;
2964;sc;1;;
2965;ha;1;;
2966;ft;1;;
2967;gewidmet;1;;
2969;jahrzehnten;1;;
2970;denkbar;1;;
2971;verkehrstechnisches;1;;
2972;eigenart;1;;
2974;baustiles;1;;
2975;eingehender;1;;
2976;weise;1;;
2977;berück;1;;
2978;sichtigle;1;;
2979;ebensowenig;1;;
2980;heimatfreunde;1;;
2983;vaterlandes;1;;
2984;élégantes;1;;
2985;el;1;;
2987;mint;1;;
2988;temps;1;;
2989;pini;1;;
2990;grandios;1;;
2991;const;1;;
2992;raclions;1;;
2993;industrielles;1;;
2994;tous;1;;
2995;tempi;1;;
2996;nehmen;1;;
2997;brückenbauten;1;;
2999;qualitätsvolle;1;;
3000;dargestellt;1;;
3002;beschrieb;1;;
3004;grundsätzlichen;1;;
3006;begriffe;1;;
3007;bessern;1;;
3008;gewandelt;1;;
3009;eingesehen;1;;
3010;hässlich;1;;
3012;eisenstrang;1;;
3015;zwang;1;;
3016;angetan;1;;
3017;prinzipiellen;1;;
3018;feindschaft;1;;
3020;rede;1;;
3021;verstehen;1;;
3022;gebirgsbahnen;1;;
3023;verdienst;1;;
3024;kühnen;1;;
3025;gewaltige;1;;
3026;szenerie;1;;
3027;steigern;1;;
3028;heimatschützerischer;1;;
3030;technischer;1;;
3033;versöhnen;1;;
3035;bauaufgaben;1;;
3036;bautradition;1;;
3037;miteinander;1;;
3038;umgekehrt;1;;
3039;eigentliche;1;;
3040;frucht;1;;
3041;heimatschutzpropaganda;1;;
3043;zeughauses;1;;
3044;fahrzeughalle;1;;
3046;lehrreiche;1;;
3047;erfahrungen;1;;
3048;baukunst;1;;
3050;reflektiert;1;;
3051;sauvegarde;1;;
3052;comment;1;;
3054;protection;1;;
3055;patrimoine;1;;
3056;influencé;1;;
3058;chemins;1;;
3059;rhétiques;1;;
3060;lutile;1;;
3061;pas;1;;
3062;derzeit;1;;
3063;recht;1;;
3064;optik;1;;
3065;umweltverbände;1;;
3066;reine;1;;
3067;obstruktionspolitik;1;;
3068;verhinderer;1;;
3069;aufschwungs;1;;
3070;erachtens;1;;
3071;verbohrte;1;;
3072;tourismusbranche;1;;
3073;unschätzbarem;1;;
3074;artenvielfalt;1;;
3075;wirksam;1;;
3076;einbezogen;1;;
3077;gelingen;1;;
3078;tragfähige;1;;
3079;kompromisse;1;;
3080;schliessen;1;;
3081;grossprojekt;1;;
3082;andermatt;1;;
3083;hierfür;1;;
3084;beweis;1;;
3085;täglich;1;;
3086;monbijoustrasse;1;;
3087;postfach;1;;
3088;versammlung;1;;
3089;fand;1;;
3090;langnau;1;;
3092;touristisch;1;;
3093;reicher;1;;
3094;positionieren;1;;
3095;bekanntesten;1;;
3096;brands;1;;
3097;traditionen;1;;
3098;lokale;1;;
3099;authentischen;1;;
3100;berühmteste;1;;
3101;käse;1;;
3102;schaukäserei;1;;
3103;affoltern;1;;
3104;schaufenster;1;;
3105;buchbare;1;;
3106;maillarts;1;;
3107;nachfolger;1;;
3108;sitzen;1;;
3109;ingenieurbüro;1;;
3110;gendinger;1;;
3111;scheinen;1;;
3112;bergdruck;1;;
3113;bombenanschlägen;1;;
3114;raubrittertum;1;;
3115;geschützt;1;;
3116;könne;1;;
3117;schrecklich;1;;
3118;starrendes;1;;
3119;ungetüm;1;;
3120;mittelding;1;;
3121;festungsanlage;1;;
3122;dicker;1;;
3123;betonplatte;1;;
3124;dickem;1;;
3125;betondach;1;;
3126;dazwischen;1;;
3127;massigen;1;;
3128;fachwerk;1;;
3129;schwerem;1;;
3130;hammer;1;;
3131;beton;1;;
3132;geschlagen;1;;
3133;maschinenhaus;1;;
3135;effizienten;1;;
3136;rohrturbinen;1;;
3137;anschliessendes;1;;
3138;segmentschützenwehr;1;;
3139;wehrs;1;;
3140;flache;1;;
3141;bauweise;1;;
3143;kraftwerksanlage;1;;
3144;naturnah;1;;
3145;hagneckkanals;1;;
3146;einzubetten;1;;
3147;wasserkraftwerk;1;;
3148;hagneck;1;;
3150;installierten;1;;
3151;leistung;1;;
3153;jährliche;1;;
3154;energieproduktion;1;;
3155;gwh;1;;
3156;verhilft;1;;
3157;vergessen;1;;
3158;gedicht;1;;
3159;schreiben;1;;
3160;glaubst;1;;
3161;gelingt;1;;
3162;plänen;1;;
3164;besessen;1;;
3166;anzutreffen;1;;
3167;sah;1;;
3168;begegnet;1;;
3169;aufzuspüren;1;;
3170;vertraut;1;;
3171;strömen;1;;
3172;regnet;1;;
3173;ideal;1;;
3174;empfinden;1;;
3175;freilich;1;;
3177;weitre;1;;
3178;aufgeschrieben;1;;
3179;angenehm;1;;
3180;wohltut;1;;
3182;mussten;1;;
3183;gerodet;1;;
3184;steinbrüche;1;;
3186;schnitte;1;;
3187;auffüllungen;1;;
3188;deponien;1;;
3189;ausbruchmaterial;1;;
3191;liehe;1;;
3192;laufe;1;;
3193;jahrzehnte;1;;
3194;wunden;1;;
3195;baustellen;1;;
3196;zutun;1;;
3197;geheilt;1;;
3199;eisenbahnbau;1;;
3200;serneus;1;;
3201;erbaut;1;;
3202;massstab;1;;
3203;bestehenden;1;;
3204;bahnhofbauten;1;;
3205;denjenigen;1;;
3206;ringsum;1;;
3207;norden;1;;
3208;herkommt;1;;
3209;rolltreppe;1;;
3210;glastonne;1;;
3211;geschoben;1;;
3212;seits;1;;
3213;hinein;1;;
3214;anderseits;1;;
3215;parenz;1;;
3216;hindurchschauen;1;;
3217;stahlkonstruktion;1;;
3218;merkenswert;1;;
3220;tional;1;;
3221;beachtung;1;;
3222;hallendach;1;;
3223;freie;1;;
3225;eingedeckte;1;;
3226;glasfläche;1;;
3230;bürgerlandsgemeinde;1;;
3232;baumgärtner;1;;
3234;hervorragenden;1;;
3235;erzieherischen;1;;
3238;davoser;1;;
3239;jugend;1;;
3240;ehrenbürgerrecht;1;;
3241;geehrte;1;;
3243;initianten;1;;
3244;schaffung;1;;
3245;mittelschule;1;;
3246;prorektor;1;;
3248;pensionierung;1;;
3249;blieb;1;;
3250;lehrer;1;;
3251;latein;1;;
3252;schule;1;;
3253;gläubigerausschuss;1;;
3254;anzunehmen;1;;
3255;sachwalter;1;;
3257;brunold;1;;
3259;erhofft;1;;
3260;interpretiert;1;;
3261;entscheid;1;;
3262;welinvest;1;;
3263;dahingehend;1;;
3264;gesamtlösung;1;;
3265;angestrebt;1;;
3266;zerschlagung;1;;
3267;betriebe;1;;
3268;nachteilig;1;;
3269;phase;1;;
3270;ungewissheit;1;;
3271;schicksal;1;;
3272;eigentümerin;1;;
3274;genauer;1;;
3275;krank;1;;
3276;erschöpft;1;;
3277;angekommen;1;;
3278;schienen;1;;
3279;beschwerden;1;;
3280;verflogen;1;;
3281;zurückgegeben;1;;
3282;entdeckte;1;;
3283;anspruchsloses;1;;
3293;hochtal;1;;
3294;zutiefst;1;;
3295;wesensvertraut;1;;
3296;wanderte;1;;
3297;durchstreifte;1;;
3299;kulturpreise;1;;
3301;schriftsteller;1;;
3302;deplazes;1;;
3303;zumthor;1;;
3304;preise;1;;
3306;dotiert;1;;
3307;vergibt;1;;
3308;splügenpaß;1;;
3309;chiavenna;1;;
3310;mitglieder;1;;
3312;empfang;1;;
3313;organisieren;1;;
3314;klosterser;1;;
3315;kunstwochen;1;;
3316;lung;1;;
3317;malern;1;;
3319;volkskunst;1;;
3320;verkehrsgeschichte;1;;
3321;engadins;1;;
3322;trimmiser;1;;
3323;rufe;1;;
3324;heftigen;1;;
3325;gewitter;1;;
3326;nieder;1;;
3328;durchlaß;1;;
3329;straßenbrücke;1;;
3330;gesteinsmassen;1;;
3332;folgend;1;;
3333;schleifen;1;;
3334;albulatunnel;1;;
3335;zusammenspiel;1;;
3336;ingenieurkunst;1;;
3337;gesamtkunstwerks;1;;
3338;üblichen;1;;
3339;eisenkonstruktionen;1;;
3341;öffentlichkeit;1;;
3342;veranstaltungen;1;;
3343;fachvereinigungen;1;;
3344;organisiert;1;;
3345;vorträge;1;;
3346;tagungen;1;;
3347;vorstand;1;;
3348;beschäftigte;1;;
3349;projektes;1;;
3350;heilbad;1;;
3351;kurzentrum;1;;
3352;zillis;1;;
3353;baugesetz;1;;
3355;ortsbildschutz;1;;
3356;verlassene;1;;
3357;ortsbild;1;;
3358;rationen;1;;
3359;vergleiche;1;;
3360;bände;1;;
3361;inventars;1;;
3362;neueren;1;;
3363;insa;1;;
3365;herausgegeben;1;;
3370;kulturforschung;1;;
3375;hg;1;;
3376;möbel;1;;
3377;interieurs;1;;
3378;stürzel;1;;
3379;bd;1;;
3380;elisabeth;1;;
3381;kalender;1;;
3382;albert;1;;
3383;knoepfli;1;;
3384;doktrinen;1;;
3386;schmuckelement;1;;
3387;sgraffito;1;;
3388;olgiati;1;;
3389;vorkommt;1;;
3390;verzichtet;1;;
3391;zitate;1;;
3392;trichterfenster;1;;
3393;tschanz;1;;
3394;regionalismus;1;;
3395;rundfrage;1;;
3397;obrist;1;;
3398;silva;1;;
3399;semadeni;1;;
3400;diego;1;;
3401;giovanoli;1;;
3402;construir;1;;
3403;costruire;1;;
3404;bassa;1;;
3405;oberengadin;1;;
3406;bregaglia;1;;
3407;valle;1;;
3408;treffenden;1;;
3423;utensilien;1;;
3424;fotografen;1;;
3425;unterschiedliche;1;;
3426;bekleidung;1;;
3427;arbeiter;1;;
3428;bemerkt;1;;
3429;tatsächlich;1;;
3445;vereinten;1;;
3446;kulturgeschichtlichen;1;;
3447;interessant;1;;
3448;beobachtung;1;;
3449;germanisierung;1;;
3450;romanischen;1;;
3452;einzug;1;;
3453;eingefunden;1;;
3454;theo;1;;
3455;waigel;1;;
3457;skigebiete;1;;
3458;tschiertschen;1;;
3459;dicke;1;;
3461;buwald;1;;
3462;beurteilt;1;;
3463;vorbehalte;1;;
3464;verlautete;1;;
3466;vorprüfungsverfahrens;1;;
3468;konflikte;1;;
3469;absehbar;1;;
3470;lauter;1;;
3471;vorfreude;1;;
3472;premiere;1;;
3473;stolz;1;;
3474;sass;1;;
3475;ausflugstag;1;;
3476;auto;1;;
3477;sitz;1;;
3478;drückte;1;;
3480;beinahe;1;;
3481;fensterscheibe;1;;
3482;platt;1;;
3483;fliegenden;1;;
3484;verpassen;1;;
3485;höhepunkt;1;;
3486;typische;1;;
3487;postautohorn;1;;
3488;chauffeur;1;;
3489;zuliebe;1;;
3490;etliche;1;;
3491;male;1;;
3492;klingen;1;;
3494;suchten;1;;
3495;wurst;1;;
3496;brot;1;;
3497;äpfel;1;;
3498;braten;1;;
3499;disentis;1;;
3500;mesocco;1;;
3501;kurspflichtig;1;;
3502;lehrkräfte;1;;
3503;primarklasse;1;;
3505;hilfsund;1;;
3506;sonderklassenlehrer;1;;
3507;unterstu;1;;
3508;fe;1;;
3509;hinterrheins;1;;
3510;vorderrheins;1;;
3511;rheintales;1;;
3512;schanfiggs;1;;
3513;prättigaus;1;;
3514;calancatal;1;;
3515;besammlung;1;;
3516;sters;1;;
3517;märz;1;;
3518;gleichen;1;;
3519;lokalen;1;;
3520;kursteil;1;;
3521;arbeitszeiten;1;;
3522;mo;1;;
3523;nennenswert;1;;
3524;hauptwerk;1;;
3525;ovids;1;;
3527;nennt;1;;
3529;grundform;1;;
3530;unterschied;1;;
3531;variationen;1;;
3532;vorgegebenes;1;;
3533;bg;1;;
3534;baden;1;;
3535;derart;1;;
3536;entstellt;1;;
3538;allzu;1;;
3539;leiden;1;;
3540;richtiggehend;1;;
3541;hektik;1;;
3542;verändernde;1;;
3543;siegeszug;1;;
3544;industrie;1;;
3545;elektrizität;1;;
3546;jahrhunderts;1;;
3548;industrielle;1;;
3549;revolution;1;;
3550;computer;1;;
3551;stärker;1;;
3552;lebensweise;1;;
3553;schnelligkeit;1;;
3554;kennzeichen;1;;
3555;datenverarbeitung;1;;
3556;prägt;1;;
3557;zusehends;1;;
3558;frauen;1;;
3559;höchsten;1;;
3560;durchschnittlichen;1;;
3561;buchstäblich;1;;
3562;automobilisten;1;;
3563;sportlichen;1;;
3564;radfahrer;1;;
3565;winter;1;;
3566;schüttler;1;;
3567;bausubstanz;1;;
3568;geschichtlichen;1;;
3569;kulturobjekt;1;;
3571;güte;1;;
3572;verkehrslandschaft;1;;
3573;weist;1;;
3574;zusätzlichen;1;;
3575;trumpf;1;;
3576;eröffnete;1;;
3577;paradestrecke;1;;
3578;unabhängig;1;;
3579;voneinander;1;;
3580;aufgenommenen;1;;
3581;schutzwürdigen;1;;
3582;denkmälern;1;;
3583;ortschaften;1;;
3584;aufzuzeigen;1;;
3585;zersiedlung;1;;
3586;strassenbau;1;;
3587;bedenklichen;1;;
3588;kulturlandverlust;1;;
3589;umfassenden;1;;
3590;flächenhafte;1;;
3591;umgestaltungen;1;;
3592;grossmeliorationen;1;;
3593;güterzusammenlegungen;1;;
3594;vollzieht;1;;
3595;rücksichtslose;1;;
3596;zerstörung;1;;
3597;gewachsenen;1;;
3604;nennen;1;;
3606;zunehmenden;1;;
3607;gleichförmigkeit;1;;
3608;verarmung;1;;
3609;weichen;1;;
3610;jüngster;1;;
3611;umweltproblemen;1;;
3612;belastbarkeit;1;;
3613;aufgezeigt;1;;
3614;häufung;1;;
3615;nutzungskonflikten;1;;
3616;zunehmender;1;;
3617;verlust;1;;
3618;lebensqualität;1;;
3619;erholungsraum;1;;
3620;entscheidungsgrundlagen;1;;
3621;behörden;1;;
3622;planern;1;;
3626;gambarogno;1;;
3627;lago;1;;
3628;maggiore;1;;
3629;naturstrände;1;;
3630;wassersport;1;;
3632;tauchen;1;;
3634;wanderungen;1;;
3635;malerischer;1;;
3636;vielseitige;1;;
3637;motive;1;;
3638;fotofreund;1;;
3639;flotels;1;;
3640;pensionen;1;;
3641;restaurants;1;;
3642;ferienwohnungen;1;;
3643;preislagen;1;;
3644;auskunft;1;;
3646;vira;1;;
3647;tenero;1;;
3648;emyr;1;;
3649;k;1;;
3650;zasca;1;;
3651;kleinhotel;1;;
3653;sportferien;1;;
3654;passantenhaus;1;;
3655;sauna;1;;
3657;auskünfte;1;;
3658;fizz;1;;
3659;y;1;;
3660;gw;1;;
3661;v;1;;
3662;whhmp;1;;
3674;überwachte;1;;
3675;aufgabenstunden;1;;
3676;interne;1;;
3677;ausbildungsberatung;1;;
3678;intensivkurse;1;;
3679;vorbereitung;1;;
3680;aufnahmeprüfungen;1;;
3681;gymnasium;1;;
3682;handelsschule;1;;
3683;ferienecke;1;;
3684;fusstouristen;1;;
3685;herbstzeit;1;;
3686;oktober;1;;
3687;mittwoch;1;;
3688;schönbüelfurggel;1;;
3689;fünfseenwanderung;1;;
3690;pizol;1;;
3691;tour;1;;
3692;bergseen;1;;
3693;naturschutzgebiet;1;;
3694;bergführer;1;;
3695;fauna;1;;
3696;bestens;1;;
3697;melden;1;;
3698;flumserberg;1;;
3699;ausflugstips;1;;
3700;hektaren;1;;
3701;gemeindegebiets;1;;
3702;viertelmillion;1;;
3703;bäume;1;;
3704;tannen;1;;
3705;bestanden;1;;
3706;tief;1;;
3707;einatmen;1;;
3708;staubarm;1;;
3709;sauerstoff;1;;
3710;reich;1;;
3711;einblick;1;;
3712;prähistorischen;1;;
3713;geformte;1;;
3714;buntgefärbten;1;;
3715;herbstwald;1;;
3716;imposanten;1;;
3717;geruhsamen;1;;
3718;rheinschlucht;1;;
3719;waldweglein;1;;
3720;fussfreundlich;1;;
3721;tannennadeln;1;;
3722;bedeckt;1;;
3723;bück;1;;
3724;urweltliche;1;;
3725;zweigt;1;;
3726;sagens;1;;
3727;laax;1;;
3728;weitermarsch;1;;
3729;station;1;;
3730;llanz;1;;
3731;postautoverbindung;1;;
3732;phantastische;1;;
3733;vorderrheinschlucht;1;;
3734;besten;1;;
3735;hindurch;1;;
3736;scheinbar;1;;
3737;gewachsenem;1;;
3738;fels;1;;
3740;sturzbreccie;1;;
3741;zähes;1;;
3742;gemenge;1;;
3743;feinstem;1;;
3744;einzige;1;;
3745;talschaft;1;;
3746;haupttal;1;;
3764;winzerfest;1;;
3766;genferseestädtchen;1;;
3767;ifotos;1;;
3768;svizzera;1;;
3769;verlag;1;;
3770;bucher;1;;
3772;andrea;1;;
3773;schorta;1;;
3774;rätisches;1;;
3775;namenbuch;1;;
3777;büchlein;1;;
3778;vorab;1;;
3779;bergsteiger;1;;
3780;eigentlichen;1;;
3781;geographischen;1;;
3782;möchten;1;;
3783;publikation;1;;
3784;aufrichtet;1;;
3785;wenige;1;;
3786;pfade;1;;
3787;angelegt;1;;
3788;süden;1;;
3789;öffnen;1;;
3790;alpentäler;1;;
3791;dörfern;1;;
3792;hängen;1;;
3793;braune;1;;
3794;holzställe;1;;
3795;beleben;1;;
3796;osten;1;;
3797;surselva;1;;
3798;erhebt;1;;
3799;sperriegel;1;;
3800;flimser;1;;
3801;bergsturzes;1;;
3803;rauhen;1;;
3804;winde;1;;
3805;weitgehend;1;;
3807;geographische;1;;
3808;mildes;1;;
3809;komplementären;1;;
3810;nebeneinander;1;;
3811;erzielt;1;;
3812;höchste;1;;
3813;leuchtkraft;1;;
3814;perspektive;1;;
3815;durchgesetzt;1;;
3816;meistert;1;;
3817;stimmung;1;;
3818;bergeil;1;;
3819;menschliche;1;;
3820;tierleben;1;;
3821;nochmals;1;;
3822;zieht;1;;
3824;oberland;1;;
3826;heroischer;1;;
3827;farben;1;;
3828;gedichtet;1;;
3829;carozzi;1;;
3830;tatore;1;;
3831;luxembourg;1;;
3832;paris;1;;
3833;hängt;1;;
3834;innigeres;1;;
3835;berühmte;1;;
3836;fideris;1;;
3837;badesaison;1;;
3838;erlebte;1;;
3840;spielte;1;;
3841;durchgangsverkehr;1;;
3842;postkutschen;1;;
3843;rollten;1;;
3844;durchs;1;;
3846;reizvollen;1;;
3847;waldbeständen;1;;
3848;höhenlagen;1;;
3849;ideales;1;;
3850;zuhinterstim;1;;
3851;nunstafel;1;;
3852;hegt;1;;
3853;partnunsee;1;;
3854;hoch;1;;
3855;gelegene;1;;
3856;karsee;1;;
3857;moräne;1;;
3858;hob;1;;
3859;worf;1;;
3861;super;1;;
3862;hause;1;;
3865;ohen;1;;
3866;stress;1;;
3867;lohn;1;;
3868;chefs;1;;
3869;hart;1;;
3870;verbessert;1;;
3871;enorm;1;;
3872;ausgenutzt;1;;
3873;davon;1;;
3874;trauen;1;;
3875;por;1;;
3876;rerer;1;;
3877;befragter;1;;
3879;spezielle;1;;
3880;chance;1;;
3881;verursachten;1;;
3882;unsicherheit;1;;
3883;bekommen;1;;
3885;usp;1;;
3886;präsentiert;1;;
3887;sicherheit;1;;
3888;neutralität;1;;
3889;locations;1;;
3890;professionellen;1;;
3891;lität;1;;
3892;kunden;1;;
3893;marco;1;;
3894;waelti;1;;
3895;manager;1;;
3896;meetings;1;;
3897;conferences;1;;
3898;incentives;1;;
3899;new;1;;
3900;yorker;1;;
3901;niederlassung;1;;
3902;switzerland;1;;
3903;convention;1;;
3904;incentive;1;;
3905;bureaus;1;;
3906;goldau;1;;
3907;geologischen;1;;
3908;ursachen;1;;
3909;naturkatastrophe;1;;
3911;legen;1;;
3913;naturereignis;1;;
3914;anlockte;1;;
3915;souvenir;1;;
3916;grafische;1;;
3917;blätter;1;;
3918;rossberg;1;;
3919;rigi;1;;
3920;stürz;1;;
3921;darstellten;1;;
3923;preisverleihung;1;;
3928;giessbach;1;;
3929;brienz;1;;
3930;sf;1;;
3931;mai;1;;
3932;ges;1;;
3933;besucht;1;;
3934;tig;1;;
3935;persönlicher;1;;
3936;tipp;1;;
3937;unbedingt;1;;
3938;aktive;1;;
3939;nisse;1;;
3941;seeland;1;;
3942;ne;1;;
3943;inlineskaten;1;;
3944;sees;1;;
3945;empfehlenswert;1;;
3946;schiffen;1;;
3947;künstlerisch;1;;
3948;ausgestalteten;1;;
3949;ente;1;;
3950;togo;1;;
3951;focorno;1;;
3952;september;1;;
3953;besuchen;1;;
3954;sprechende;1;;
3955;baukastenangebote;1;;
3957;halten;1;;
3959;erforderlichen;1;;
3960;parforceleistung;1;;
3961;politik;1;;
3962;vereinatunnels;1;;
3963;befassen;1;;
3964;vehement;1;;
3965;offenhaltung;1;;
3967;haupt;1;;
3968;abzuschätzen;1;;
3969;spitzenzeiten;1;;
3970;reichende;1;;
3971;verladekapazität;1;;
3972;strassenverkehr;1;;
3973;auswirken;1;;
3974;verladetarife;1;;
3975;wesentlich;1;;
3976;höher;1;;
3977;anhin;1;;
3978;zählte;1;;
3980;ausschliesslich;1;;
3981;aufträge;1;;
3983;letzter;1;;
3984;obliegt;1;;
3985;caterer;1;;
3986;deutschschweizer;1;;
3987;privatheimen;1;;
3989;küchenverantwortung;1;;
3990;vorsichtig;1;;
3991;deutschweizer;1;;
3992;gegenüber;1;;
3993;caterern;1;;
3994;vertragsart;1;;
3997;küchencrew;1;;
3998;heimgruppe;1;;
3999;unterstellt;1;;
4000;agiert;1;;
4001;honorarbasis;1;;
4002;erfahrenen;1;;
4003;ungewöhnlich;1;;
4005;ex;1;;
4006;dipl;1;;
4007;wählte;1;;
4008;lara;1;;
4009;barbara;1;;
4010;präsidentin;1;;
4011;irlr;1;;
4012;bündig;1;;
4013;kandidaturdossier;1;;
4014;tet;1;;
4016;konzept;1;;
4017;gutgeheissen;1;;
4018;jektorganisation;1;;
4021;regeln;1;;
4022;welterbekomitees;1;;
4023;schäden;1;;
4024;meinung;1;;
4025;äusserte;1;;
4026;wwf;1;;
4028;kandidaturdossiers;1;;
4029;piade;1;;
4030;kritisiert;1;;
4031;durchführung;1;;
4032;schlussfeiern;1;;
4033;geschützten;1;;
4034;rodungen;1;;
4035;sprungschanze;1;;
4036;täsch;1;;
4038;ulrichen;1;;
4039;angesichts;1;;
4040;erklärten;1;;
4041;absicht;1;;
4042;didatur;1;;
4043;sterte;1;;
4044;euphorische;1;;
4045;geformt;1;;
4046;gilt;1;;
4047;friedlicher;1;;
4048;paradiesischer;1;;
4049;staat;1;;
4050;wunderschöner;1;;
4051;bekanntheitsgrad;1;;
4052;vorzügliche;1;;
4053;image;1;;
4054;erwartungen;1;;
4055;staurants;1;;
4056;geboten;1;;
4057;verwöhnte;1;;
4058;japanische;1;;
4059;zufriedenzustellen;1;;
4060;freundliche;1;;
4061;getroffen;1;;
4063;ausbau;1;;
4064;wintersicher;1;;
4065;verdient;1;;
4066;sierbar;1;;
4067;finanzierbare;1;;
4068;unterhaltskosten;1;;
4069;delung;1;;
4070;herrlichen;1;;
4071;vokation;1;;
4072;ungehemmten;1;;
4073;schwerverkehrs;1;;
4074;energievergeudung;1;;
4075;verbundenen;1;;
4076;lastung;1;;
4077;hauptgründe;1;;
4078;wahl;1;;
4079;nachteilen;1;;
4080;flüelaausbaues;1;;
4081;stehein;1;;
4082;gewichtige;1;;
4083;vorteile;1;;
4084;vereinatunnel;1;;
4085;tige;1;;
4086;attraktivitätssteigerung;1;;
4087;mitarbeiter;1;;
4088;medaillengewinner;1;;
4089;interessenten;1;;
4090;gebeten;1;;
4091;see;1;;
4092;familientradition;1;;
4093;bären;1;;
4094;sigriswil;1;;
4096;zurückreicht;1;;
4097;schichte;1;;
4098;dorfes;1;;
4099;sechzig;1;;
4101;geführt;1;;
4102;bärenstube;1;;
4104;preisklasse;1;;
4105;treffpunkt;1;;
4107;jahrgänge;1;;
4108;angebotenen;1;;
4109;telzimmer;1;;
4110;aufgegeben;1;;
4111;erweiterung;1;;
4112;kongresshauses;1;;
4113;zweckbestimmung;1;;
4114;gebene;1;;
4115;kongresshaus;1;;
4116;bedeutender;1;;
4117;wirtschaftlicher;1;;
4118;faktor;1;;
4119;erwiesen;1;;
4120;giernächtezahl;1;;
4121;zurückgeführt;1;;
4122;zusätzliche;1;;
4123;symposiumräume;1;;
4124;genehmigte;1;;
4125;gelegte;1;;
4126;ausgeführt;1;;
4127;tete;1;;
4128;absehbarer;1;;
4129;zusätzlich;1;;
4130;kauft;1;;
4131;golf;1;;
4133;golfplatzareals;1;;
4134;holes;1;;
4135;samtkosten;1;;
4136;gestimmt;1;;
4137;ablauf;1;;
4138;mietverträge;1;;
4139;zer;1;;
4140;geländes;1;;
4141;drängt;1;;
4142;animer;1;;
4143;expansion;1;;
4144;créé;1;;
4145;swissôtel;1;;
4146;grandi;1;;
4147;discrètement;1;;
4148;pour;1;;
4149;dépasser;1;;
4150;douzaine;1;;
4151;sements;1;;
4152;idyllische;1;;
4154;mitunter;1;;
4155;spekulationsobjekt;1;;
4156;widerstreit;1;;
4157;mannigfacher;1;;
4158;interessen;1;;
4159;schwertut;1;;
4160;bergsee;1;;
4161;morgins;1;;
4164;schwer;1;;
4165;erkannt;1;;
4166;zung;1;;
4167;raumplanungsgesetzes;1;;
4168;sierendes;1;;
4169;erbrecht;1;;
4170;inkonsequente;1;;
4171;notwendigkeit;1;;
4172;haushälterischer;1;;
4173;hemmen;1;;
4174;rasche;1;;
4175;nichtregenerierbaren;1;;
4176;wirklichung;1;;
4177;gesetz;1;;
4178;theler;1;;
4179;feindlicher;1;;
4180;landstrich;1;;
4182;geordneten;1;;
4183;bodens;1;;
4184;hinwendung;1;;
4185;sanfteren;1;;
4186;sprünge;1;;
4188;gleichgewichts;1;;
4189;bauzonen;1;;
4190;zwecke;1;;
4191;gegebenheiten;1;;
4192;optimale;1;;
4193;integration;1;;
4194;freizeitanlagen;1;;
4195;beschränkung;1;;
4196;ausbaus;1;;
4197;strukturanlagen;1;;
4198;wintersport;1;;
4199;notwendigen;1;;
4200;ergänzungsanlagen;1;;
4201;vontherma;1;;
4203;superharte;1;;
4204;sensationellen;1;;
4205;thenma;1;;
4206;sursee;1;;
4207;essen;1;;
4208;volkswillens;1;;
4209;fallen;1;;
4210;schmissen;1;;
4211;bekenntnis;1;;
4212;tigen;1;;
4213;wirtschaftszweig;1;;
4214;einten;1;;
4215;abgelegt;1;;
4216;unverbauter;1;;
4217;interpretieren;1;;
4219;schade;1;;
4220;rismus;1;;
4221;versetzen;1;;
4222;zuviel;1;;
4223;walensee;1;;
4224;jörg;1;;
4225;verwaltungsratssaal;1;;
4226;offiziell;1;;
4227;heissen;1;;
4228;nützen;1;;
4229;gerne;1;;
4230;legenheit;1;;
4231;freundschaft;1;;
4232;erneuern;1;;
4234;freunden;1;;
4235;erklärte;1;;
4236;besuch;1;;
4237;eigentlich;1;;
4238;schoben;1;;
4239;immerhin;1;;
4240;schlückchen;1;;
4241;jubiläumswein;1;;
4242;leu;1;;
4243;umweltverschlingende;1;;
4244;lungspolitik;1;;
4245;einzelner;1;;
4246;ferienländer;1;;
4247;lasse;1;;
4248;nutzwert;1;;
4249;matisch;1;;
4250;sinken;1;;
4251;müsse;1;;
4252;ferienland;1;;
4253;tomas;1;;
4254;ii;1;;
4255;bestätigt;1;;
4256;gende;1;;
4257;alternative;1;;
4258;strategischen;1;;
4259;erfolgspotentiale;1;;
4260;ausflugsmöglichkeiten;1;;
4261;eventuellen;1;;
4262;entscheide;1;;
4263;hervorgerufenen;1;;
4264;streuweisc;1;;
4265;ung;1;;
4266;vieler;1;;
4267;kurorte;1;;
4268;apartementhäusern;1;;
4269;resultaten;1;;
4270;egoistische;1;;
4271;spekulation;1;;
4272;beteiligter;1;;
4273;einmaliges;1;;
4274;geschäft;1;;
4275;überbauten;1;;
4276;hochsaison;1;;
4277;geschlossenen;1;;
4278;fensterläden;1;;
4279;kapellen;1;;
4280;burgweg;1;;
4281;genehmigung;1;;
4282;parlementes;1;;
4283;vorgenommen;1;;
4285;grundstück;1;;
4286;umgestaltet;1;;
4287;dadurch;1;;
4288;gesamtbild;1;;
4289;anlage;1;;
4290;beeinträchtigt;1;;
4291;toriunts;1;;
4292;schutze;1;;
4293;tarasp;1;;
4294;taleraktion;1;;
4295;stattlicher;1;;
4296;stolzer;1;;
4297;biindnerischen;1;;
4298;valli;1;;
4299;modelle;1;;
4300;shoppingbrücke;1;;
4301;würenlos;1;;
4302;gondelbahn;1;;
4303;männlichen;1;;
4304;swissminiatur;1;;
4305;fünf;1;;
4306;modellen;1;;
4307;melide;1;;
4308;merkmale;1;;
4309;bundeshaus;1;;
4310;flugplatz;1;;
4311;kloten;1;;
4312;ausführung;1;;
4313;tur;1;;
4314;ausländischer;1;;
4315;sucht;1;;
4316;sda;1;;
4317;sh;1;;
4318;rückgang;1;;
4319;wünsche;1;;
4320;verkehrsdirektoren;1;;
4321;kongressveranstalter;1;;
4322;schnittener;1;;
4323;passepartout;1;;
4324;unerfüllbarer;1;;
4325;sinnlos;1;;
4326;punkt;1;;
4327;hinzuweisen;1;;
4328;verbrauchen;1;;
4329;ursprüngliche;1;;
4330;umweltbewusstsein;1;;
4331;alternativtouristen;1;;
4332;arme;1;;
4333;alternativtourist;1;;
4334;spielt;1;;
4335;danach;1;;
4336;grawes;1;;
4337;geproglen;1;;
4338;ponmmi;1;;
4339;organisierten;1;;
4340;zeigle;1;;
4341;z;1;;
4342;protsi;1;;
4343;unrf;1;;
4344;danusers;1;;
4345;monate;1;;
4346;begeistert;1;;
4347;leuten;1;;
4348;interessierten;1;;
4349;publikum;1;;
4352;legte;1;;
4353;thematisch;1;;
4354;übersichtlich;1;;
4355;gegliederten;1;;
4356;angepackt;1;;
4357;aufzubauen;1;;
4358;gedenkt;1;;
4359;vielfältiges;1;;
4360;einrichtungen;1;;
4361;genügen;1;;
4362;mann;1;;
4364;methoden;1;;
4365;geschieht;1;;
4366;sachlichen;1;;
4367;zunächst;1;;
4368;stärken;1;;
4369;me;1;;
4370;anspornt;1;;
4371;sommersaison;1;;
4372;drin;1;;
4373;säulen;1;;
4374;sommerangebot;1;;
4375;erstens;1;;
4376;malig;1;;
4377;rektor;1;;
4378;kürzester;1;;
4379;bann;1;;
4380;gezogen;1;;
4381;sport;1;;
4382;fait;1;;
4383;anderswo;1;;
4384;drittens;1;;
4385;gesundheit;1;;
4386;geeigneten;1;;
4387;vorführen;1;;
4388;originelle;1;;
4389;tape;1;;
4390;grossformatigen;1;;
4391;farbbildern;1;;
4392;firma;1;;
4393;testa;1;;
4394;markt;1;;
4395;sonnige;1;;
4396;anstelle;1;;
4397;ner;1;;
4398;langweiligen;1;;
4400;wand;1;;
4401;hit;1;;
4402;tapeten;1;;
4403;veranstaltung;1;;
4404;ebenfalls;1;;
4405;abschliessend;1;;
4406;bekannte;1;;
4407;begeisterung;1;;
4408;bloss;1;;
4409;kälte;1;;
4410;anonymität;1;;
4411;wochenende;1;;
4412;menrotten;1;;
4413;ziehen;1;;
4414;rien;1;;
4415;aufzuladen;1;;
4416;fremde;1;;
4417;kulturen;1;;
4418;konsumieren;1;;
4419;kehren;1;;
4420;trotzen;1;;
4422;wiederherstellungsmaschine;1;;
4423;industriegesellschaft;1;;
4424;angehörigen;1;;
4425;gründe;1;;
4426;eigens;1;;
4427;amerikaner;1;;
4428;kreuzfahrten;1;;
4429;fun;1;;
4430;sun;1;;
4431;wichtiger;1;;
4432;bildungsreisen;1;;
4433;inseln;1;;
4434;schiff;1;;
4435;herrlich;1;;
4436;staffage;1;;
4437;fenstern;1;;
4438;bullaugen;1;;
4439;vorbeizubewegen;1;;
4440;casino;1;;
4441;jack;1;;
4442;einzigen;1;;
4443;roulette;1;;
4444;losen;1;;
4445;slot;1;;
4446;machines;1;;
4447;gesamtprojekt;1;;
4448;küblis;1;;
4449;umfahrung;1;;
4450;prättigauerstrasse;1;;
4451;strassennetz;1;;
4452;erschliessungsfunktion;1;;
4453;hauptstrasse;1;;
4454;durchgehende;1;;
4455;talstrasse;1;;
4456;fis;1;;
4457;übet;1;;
4458;salgiviatobel;1;;
4459;schiers;1;;
4460;spanale;1;;
4461;fo;1;;
4462;hi;1;;
4463;ttoke;1;;
4464;äe;1;;
4465;vollendete;1;;
4466;salginafobelbrücke;1;;
4467;harmonie;1;;
4468;dramatischen;1;;
4469;bleistiftskizze;1;;
4470;emi;1;;
4471;eingefangen;1;;
4472;feier;1;;
4473;begaben;1;;
4474;höhenfeuer;1;;
4475;bewunderten;1;;
4476;annäherung;1;;
4477;bekanntschaft;1;;
4478;vaud;1;;
4480;jura;1;;
4481;handelsregister;1;;
4482;registre;1;;
4483;commerce;1;;
4484;registro;1;;
4485;commercio;1;;
4486;stiftungen;1;;
4487;fondations;1;;
4488;fondazioni;1;;
4489;kantone;1;;
4490;cantons;1;;
4491;t;1;;
4492;cantoni;1;;
4493;luzern;1;;
4494;schwyz;1;;
4495;fribourg;1;;
4496;abhanden;1;;
4497;gekommene;1;;
4498;werttitel;1;;
4499;titres;1;;
4500;disparus;1;;
4501;titoli;1;;
4502;smarriti;1;;
4503;gesetzliche;1;;
4504;autres;1;;
4505;publications;1;;
4506;légales;1;;
4507;altre;1;;
4508;pubblicazioni;1;;
4509;grundkapitals;1;;
4510;ausgabe;1;;
4512;vou;1;;
4513;hberiert;1;;
4514;verwaltungsratsmitghed;1;;
4515;unterschrift;1;;
4516;zweien;1;;
4517;dietrich;1;;
4518;deppeler;1;;
4519;tegerfelden;1;;
4520;spreitenbach;1;;
4521;august;1;;
4522;burckhardt;1;;
4523;partner;1;;
4524;generalplaner;1;;
4525;zweigniederlassung;1;;
4526;muttenz;1;;
4527;shab;1;;
4528;hauptsitz;1;;
4529;statutenänderung;1;;
4530;juh;1;;
4531;koechlin;1;;
4532;schär;1;;
4535;consulting;1;;
4538;football;1;;
4539;matter;1;;
4540;buchs;1;;
4541;zh;1;;
4542;mava;1;;
4545;egg;1;;
4546;maxrail;1;;
4547;gmbh;1;;
4548;spagat;1;;
4549;erholungsaktivitäten;1;;
4550;regelte;1;;
4551;zugänglichen;1;;
4552;uferpartien;1;;
4553;erholungsplätze;1;;
4554;übernutzt;1;;
4555;pfl;1;;
4556;anzenwelt;1;;
4557;geschädigt;1;;
4558;argumentieren;1;;
4559;durchgehender;1;;
4560;belastung;1;;
4561;erhöht;1;;
4562;regel;1;;
4563;bewahren;1;;
4564;wandersleute;1;;
4565;aktivität;1;;
4566;erholung;1;;
4567;innerhalb;1;;
4568;wanderwegnetzes;1;;
4569;bonaduzer;1;;
4572;damaligen;1;;
4573;entsprach;1;;
4574;transparenz;1;;
4575;reduktivistische;1;;
4576;formgebung;1;;
4577;höhenlage;1;;
4578;jüngeren;1;;
4579;bahnbrückenfamilie;1;;
4580;erkennbar;1;;
4581;vgl;1;;
4582;ckenduett;1;;
4583;entwurfs;1;;
4584;bedingt;1;;
4585;trag;1;;
4586;ml;1;;
4587;siegerteam;1;;
4588;befreienden;1;;
4589;schaftlichen;1;;
4590;überzeugt;1;;
4591;paradoxerweise;1;;
4592;zielgerichtet;1;;
4593;strassenengnis;1;;
4594;sora;1;;
4595;giuvna;1;;
4596;schaffe;1;;
4597;ordnung;1;;
4598;jury;1;;
4599;bericht;1;;
4600;tiver;1;;
4601;landschaftlicher;1;;
4602;men;1;;
4603;beruhigen;1;;
4604;passiert;1;;
4613;stützmauern;1;;
4614;heiklere;1;;
4615;elemente;1;;
4616;talseitige;1;;
4617;mauern;1;;
4618;wunde;1;;
4619;tekt;1;;
4620;rino;1;;
4621;tami;1;;
4622;planung;1;;
4623;stützmauer;1;;
4628;gegenwärtige;1;;
4629;zeige;1;;
4631;bedenken;1;;
4634;inkl;1;;
4635;u;1;;
4636;wettbewerb;1;;
4637;auflagerdetails;1;;
4639;brückenende;1;;
4640;grossbohrpfähle;1;;
4641;cm;1;;
4642;durchmesser;1;;
4643;schienenauszug;1;;
4644;angeordnet;1;;
4645;schematische;1;;
4646;linienführungen;1;;
4647;siegerprojekt;1;;
4648;galmarini;1;;
4649;waltgalmarini;1;;
4650;mitglied;1;;
4651;siegerteams;1;;
4652;betont;1;;
4653;genieurspezifischen;1;;
4654;her;1;;
4655;tragkonstruktion;1;;
4656;fritz;1;;
4657;ackermann;1;;
4658;stahlbau;1;;
4659;coray;1;;
4660;gerüstbau;1;;
4661;vorne;1;;
4662;kubelbrücke;1;;
4663;erhaltenen;1;;
4664;ulrich;1;;
4665;grubenmann;1;;
4666;foto;1;;
4669;architekturmuseum;1;;
4677;gespräch;1;;
4678;erläutert;1;;
4679;rhs;1;;
4680;dokumentation;1;;
4681;ingenieurwerke;1;;
4682;ausgewählt;1;;
4683;werke;1;;
4684;persönlich;1;;
4685;konstruierte;1;;
4686;sinne;1;;
4687;ingenieurs;1;;
4688;vordergrund;1;;
4689;zuerst;1;;
4690;genauem;1;;
4691;hinsehen;1;;
4692;streng;1;;
4693;firlefanz;1;;
4694;platzierung;1;;
4695;pfeiler;1;;
4696;starken;1;;
4697;spartanisch;1;;
4698;riesig;1;;
4699;teuer;1;;
4700;landschaftsbezug;1;;
4701;gewöhnlichen;1;;
4702;entsprechen;1;;