;word;count;category;subcategory;
0;Sky;4130;perceptual;weather;
23;Mountain;3546;biophysical;landform;
1;Plant;2956;biophysical;flora;
17;Cloud;2829;perceptual;weather;
3;Natural landscape;2550;biophysical;land cover;
2;Tree;2459;biophysical;flora;
21;Slope;2142;biophysical;landform;
95;Snow;1770;biophysical;land cover;
20;Highland;1687;biophysical;landform;
7;Landscape;1203;biophysical;landform;
19;Building;1050;cultural;settlement;
26;Water;998;biophysical;hydrology;
70;Terrain;862;biophysical;landform;
24;Window;815;cultural;settlement;
5;Grass;807;biophysical;flora;
56;Vehicle;801;cultural;anthropogenic objects;
10;Wood;596;biophysical;flora;
140;Ecoregion;570;sense of place;identity;
130;Nature;546;biophysical;land cover;
106;Freezing;534;sense of place;feeling;
105;Ice cap;514;biophysical;land cover;
55;Train;508;cultural;anthropogenic objects;
57;Rolling stock;448;cultural;anthropogenic objects;
25;Larch;434;biophysical;flora;
211;Lake;423;biophysical;hydrology;
252;Mountainous landforms;420;biophysical;geology;
252;Mountainous landforms;420;biophysical;landform;
8;House;413;cultural;settlement;
27;Water resources;410;biophysical;hydrology;
66;Track;317;cultural;land use;
306;Glacial landform;316;biophysical;landform;
97;Natural environment;309;sense of place;attachements;
97;Natural environment;309;biophysical;land cover;
30;Watercourse;308;biophysical;landform;
30;Watercourse;308;biophysical;hydrology;
11;Bedrock;307;biophysical;geology;
38;Wheel;307;cultural;anthropogenic objects;
62;Cumulus;293;perceptual;weather;
89;Motor vehicle;291;cultural;anthropogenic objects;
200;Road surface;286;cultural;land use;
103;Atmospheric phenomenon;277;perceptual;atmospheric conditions;
65;Electricity;275;unclassified;unclassified;
64;Geological phenomenon;273;biophysical;landform;
111;Mode of transport;265;cultural;anthropogenic objects;
82;Leisure;264;activities;activities;
198;Facade;261;cultural;infrastructure;
98;Travel;256;activities;activities;
9;Grassland;245;biophysical;flora;
183;Plant community;238;biophysical;flora;
67;Railway;237;cultural;infrastructure;
36;Tire;236;cultural;anthropogenic objects;
4;Land lot;229;cultural;land use;
104;Outdoor recreation;225;activities;activities;
85;Recreation;213;activities;activities;
142;Vegetation;209;biophysical;flora;
75;Sports equipment;206;activities;activities;
75;Sports equipment;206;cultural;anthropogenic objects;
91;Asphalt;205;cultural;infrastructure;
60;Atmosphere;203;sense of place;feeling;
60;Atmosphere;203;biophysical;climate;
29;Fluvial landforms of streams;198;biophysical;geology;
29;Fluvial landforms of streams;198;biophysical;landform;
73;Biome;198;biophysical;land cover;
260;Mountain range;190;biophysical;landform;
18;Property;189;cultural;land use;
28;Body of water;187;biophysical;hydrology;
6;Font;183;cultural;infrastructure;falls Brunnen gemeint
118;Car;178;cultural;anthropogenic objects;
192;Azure;174;perceptual;color / vision;
59;Formation;169;perceptual;pattern;
31;Bank;168;cultural;infrastructure;
129;Sunlight;164;perceptual;atmospheric conditions;
144;People in nature;161;activities;activities;
144;People in nature;161;biophysical;fauna;
143;World;155;unclassified;unclassified;
84;Tints and shades;154;perceptual;color / vision;
156;Rectangle;150;perceptual;pattern;
169;Flower;150;biophysical;flora;
153;Branch;146;biophysical;flora;
13;Terrestrial plant;144;biophysical;flora;
113;Fixture;144;cultural;anthropogenic objects;falls Befestigung gemeint
305;Ski Equipment;144;cultural;anthropogenic objects;
212;Automotive lighting;140;cultural;anthropogenic objects;
212;Automotive lighting;140;perceptual;color / vision;
254;City;140;cultural;settlement;
44;Twig;136;biophysical;flora;
255;Infrastructure;134;cultural;infrastructure;
184;Road;128;cultural;infrastructure;
41;Helmet;126;cultural;anthropogenic objects;
180;Table;125;cultural;anthropogenic objects;
585;Winter sport;125;activities;activities;
90;Automotive tire;124;cultural;anthropogenic objects;
177;Event;122;unclassified;unclassified;
127;Art;120;unclassified;unclassified;
253;Gas;120;cultural;anthropogenic objects;
253;Gas;120;perceptual;smell;
88;Green;116;perceptual;color / vision;
269;Architecture;112;cultural;settlement;
399;Urban design;109;perceptual;color / vision;
12;Trunk;107;biophysical;flora;
58;Thoroughfare;107;cultural;infrastructure;
15;Groundcover;105;biophysical;land cover;
133;Smile;105;sense of place;feeling;
72;Rolling;104;activities;activities;
250;Chair;103;cultural;anthropogenic objects;
22;Neighbourhood;100;cultural;settlement;
216;Light;99;perceptual;color / vision;
117;Land vehicle;96;cultural;anthropogenic objects;
234;Valley;95;biophysical;landform;
47;Tableware;94;cultural;anthropogenic objects;
96;Door;94;cultural;settlement;
215;Daytime;93;cultural;time depth;
290;Automotive design;91;perceptual;color / vision;
205;Leaf;89;biophysical;flora;
154;Black-and-white;88;perceptual;color / vision;
120;Interior design;87;perceptual;color / vision;
74;Goggles;83;cultural;anthropogenic objects;
186;Rural area;83;unclassified;unclassified;
263;Eyewear;79;cultural;anthropogenic objects;
115;Shade;78;perceptual;texture;
63;Horizon;77;perceptual;color / vision;
331;Evergreen;77;biophysical;land cover;
151;White;76;perceptual;color / vision;
311;Flooring;76;cultural;infrastructure;
141;Blue;74;perceptual;color / vision;
677;Ski;74;activities;activities;
286;Roof;73;cultural;settlement;
313;Bird;73;biophysical;fauna;
68;Locomotive;72;cultural;anthropogenic objects;
361;Food;72;unclassified;unclassified;
196;Wall;71;cultural;infrastructure;
326;Residential area;71;cultural;settlement;
247;Fence;69;cultural;infrastructure;
81;T-shirt;68;cultural;anthropogenic objects;
235;Furniture;68;cultural;anthropogenic objects;
528;Beak;68;biophysical;fauna;
108;Working animal;67;cultural;domesticated animals;
152;Black;67;perceptual;color / vision;
328;Tower;67;cultural;infrastructure;
373;Nunatak;67;biophysical;landform;
288;Coastal and oceanic landforms;65;biophysical;landform;
32;Bridge;64;cultural;infrastructure;
116;Automotive exterior;64;cultural;anthropogenic objects;
35;Bicycles--Equipment and supplies;63;cultural;anthropogenic objects;
109;Fawn;63;perceptual;color / vision;
137;Sunglasses;63;cultural;anthropogenic objects;
226;Line;61;perceptual;pattern;
242;Petal;61;biophysical;flora;
94;Lighting;60;perceptual;atmospheric conditions;
176;Fun;60;sense of place;feeling;
303;Flowering plant;58;biophysical;flora;
404;Composite material;57;unclassified;unclassified;
166;Jacket;56;cultural;anthropogenic objects;
256;Street light;55;cultural;infrastructure;
266;Ingredient;55;unclassified;unclassified;
278;Hood;55;cultural;settlement;
262;Vision care;54;unclassified;unclassified;
360;Hill;52;biophysical;landform;
229;Signage;51;unclassified;unclassified;
341;Sports;51;unclassified;unclassified;
406;Brick;51;unclassified;unclassified;
34;Bicycle;50;unclassified;unclassified;
261;Glasses;50;unclassified;unclassified;
61;Air travel;49;unclassified;unclassified;
232;Plain;49;biophysical;landform;
398;Photograph;49;unclassified;unclassified;
550;Tail;49;unclassified;unclassified;
344;Jeans;48;cultural;anthropogenic objects;
43;Terrestrial animal;47;biophysical;fauna;
132;Hat;46;cultural;anthropogenic objects;
224;Waterfall;46;biophysical;hydrology;
275;Winter;46;cultural;time depth;
301;Carnivore;46;biophysical;fauna;
375;Real estate;46;cultural;settlement;
364;Plate;45;cultural;anthropogenic objects;
405;Grey;45;perceptual;color / vision;
420;Musical instrument;45;cultural;anthropogenic objects;
14;Sculpture;44;sense of place;history;
14;Sculpture;44;cultural;anthropogenic objects;
16;Outcrop;44;unclassified;unclassified;
207;Gesture;44;unclassified;unclassified;
298;Dog breed;44;cultural;domesticated animals;
302;Fog;44;perceptual;weather;
386;Pattern;44;perceptual;pattern;
725;Feather;44;unclassified;unclassified;
193;Dusk;43;perceptual;atmospheric conditions;
240;Floor;43;unclassified;unclassified;
367;Cuisine;43;unclassified;unclassified;
33;Bicycle helmet;42;cultural;anthropogenic objects;
155;Style;42;unclassified;unclassified;
274;Metal;42;unclassified;unclassified;
350;Electric blue;42;unclassified;unclassified;
45;Drinkware;41;unclassified;unclassified;
546;Dog;41;cultural;domesticated animals;
69;Railroad car;40;cultural;anthropogenic objects;
365;Recipe;40;cultural;anthropogenic objects;
539;Watercraft;40;biophysical;hydrology;
539;Watercraft;40;biophysical;hydrology;
123;Symmetry;39;perceptual;pattern;
329;Horse;39;cultural;domesticated animals;
426;Fluid;39;unclassified;unclassified;
518;Music;39;unclassified;unclassified;
604;Concrete;39;unclassified;unclassified;
78;Shorts;38;cultural;anthropogenic objects;
319;Overhead power line;38;cultural;infrastructure;
384;Meadow;38;biophysical;land cover;
567;Hardwood;38;unclassified;unclassified;
756;Ski pole;38;cultural;infrastructure;
40;Bicycle frame;37;cultural;anthropogenic objects;
139;Sports gear;37;cultural;anthropogenic objects;
194;Transport hub;37;cultural;anthropogenic objects;
231;Brickwork;37;activities;activities;
245;Herbaceous plant;37;biophysical;flora;
258;Happy;37;sense of place;feeling;
362;Dishware;37;cultural;anthropogenic objects;
425;Liquid;37;perceptual;feel;
170;Cottage;36;cultural;settlement;
191;Afterglow;36;perceptual;atmospheric conditions;
202;Flag;36;sense of place;identity;
355;Outerwear;36;cultural;anthropogenic objects;
396;Botany;36;biophysical;flora;
409;Material property;36;unclassified;unclassified;
514;Musician;36;activities;activities;
755;Skier;36;activities;activities;
163;Luggage and bags;35;cultural;anthropogenic objects;
201;Vertebrate;35;biophysical;fauna;
304;Shrub;35;biophysical;flora;
112;Public transport;34;cultural;anthropogenic objects;
236;Comfort;34;sense of place;feeling;
397;Woody plant;34;biophysical;flora;
491;Crowd;34;unclassified;unclassified;
538;Boat;34;cultural;anthropogenic objects;
754;Ski boot;34;cultural;anthropogenic objects;
195;Flowerpot;33;cultural;anthropogenic objects;
195;Flowerpot;33;biophysical;flora;
167;Tent;32;cultural;anthropogenic objects;
220;Engineering;32;activities;activities;
264;Headgear;32;cultural;anthropogenic objects;
279;Vehicle registration plate;32;cultural;anthropogenic objects;
470;Soil;32;biophysical;soil;
307;Organism;31;biophysical;flora;
307;Organism;31;biophysical;fauna;
325;Hiking equipment;31;cultural;anthropogenic objects;
222;Monochrome photography;30;perceptual;perceptual;
42;Forest;29;biophysical;flora;
87;Bicycle handlebar;29;cultural;anthropogenic objects;
369;Dish;29;cultural;anthropogenic objects;
403;Wing;29;unclassified;unclassified;
407;Parallel;29;perceptual;pattern;
99;Arch;28;cultural;infrastructure;
333;Street fashion;28;perceptual;color / vision;
172;Sleeve;27;cultural;anthropogenic objects;
219;Monochrome;27;perceptual;perceptual;
270;Public space;27;unclassified;unclassified;
299;Mammal;27;biophysical;fauna;
324;Morning;27;cultural;time depth;
548;Companion dog;27;cultural;domesticated animals;
86;Bicycle wheel;26;cultural;anthropogenic objects;
100;Arch bridge;26;cultural;infrastructure;
101;Aqueduct;26;cultural;infrastructure;
126;Ceiling;26;cultural;settlement;
149;Glass;26;perceptual;color / vision;
182;Yellow;26;perceptual;color / vision;
209;Circle;26;perceptual;pattern;
315;Clothing;26;cultural;anthropogenic objects;
354;Aircraft;26;cultural;anthropogenic objects;
422;Room;26;cultural;infrastructure;
726;Songbird;26;biophysical;fauna;
726;Songbird;26;perceptual;sound;
76;Glove;25;cultural;anthropogenic objects;
197;Landmark;25;sense of place;identity;
210;Darkness;25;perceptual;color / vision;
272;Traffic sign;25;cultural;infrastructure;
345;Trousers;25;cultural;anthropogenic objects;
135;Sports uniform;24;cultural;anthropogenic objects;
146;Brown;24;perceptual;color / vision;
157;Astronomical object;24;biophysical;geology;
178;Sharing;24;activities;activities;
179;Bottle;24;cultural;anthropogenic objects;
147;Deciduous;23;biophysical;flora;
203;Pole;23;cultural;infrastructure;
223;Machine;23;cultural;anthropogenic objects;
334;Racing;23;activities;activities;
52;Drink;22;unclassified;unclassified;
77;Shoe;22;cultural;anthropogenic objects;
124;Temple;22;cultural;infrastructure;
161;Midnight;22;cultural;time depth;
227;Space;22;unclassified;unclassified;
388;Horse supplies;22;cultural;domesticated animals;
456;Wood stain;22;perceptual;color / vision;
471;Rock;22;biophysical;geology;
569;Clock;22;cultural;time depth;
230;Display device;21;cultural;anthropogenic objects;
237;Textile;21;cultural;anthropogenic objects;
370;Wind wave;21;biophysical;hydrology;
385;Windsports;21;activities;activities;
400;Polar ice cap;21;biophysical;land cover;
492;Riparian zone;21;biophysical;land cover;
549;Snout;21;cultural;domesticated animals;
596;Turret;21;cultural;infrastructure;
653;Horse tack;21;cultural;land use;
121;Houseplant;20;biophysical;flora;
185;Adaptation;20;unclassified;unclassified;
208;Tunnel;20;biophysical;infrastructure;
213;Fuel tank;20;cultural;anthropogenic objects;
358;Social group;20;unclassified;unclassified;
415;Serveware;20;cultural;anthropogenic objects;
37;Bicycle jersey;19;cultural;anthropogenic objects;
39;Bicycle clothing;19;cultural;anthropogenic objects;
48;Barware;19;cultural;anthropogenic objects;
131;Footwear;19;cultural;anthropogenic objects;
136;Cap;19;cultural;anthropogenic objects;
188;Shirt;19;cultural;anthropogenic objects;
246;Annual plant;19;biophysical;flora;
316;Picture frame;19;cultural;anthropogenic objects;
383;Wind;19;perceptual;feel;
444;Statue;19;sense of place;history;
654;Sailing;19;activities;activities;
679;Parachute;19;activities;activities;
717;Advertising;19;unclassified;unclassified;
80;Flash photography;18;activities;activities;
128;Medieval architecture;18;sense of place;history;
128;Medieval architecture;18;cultural;settlement;
145;Natural material;18;unclassified;unclassified;
248;Purple;18;perceptual;color / vision;
314;Community;18;unclassified;unclassified;
374;Cooking;18;activities;activities;
497;Bicycle tire;18;cultural;anthropogenic objects;
846;Spring;18;cultural;time depth;
1260;Music stand;18;unclassified;unclassified;
1264;Folk instrument;18;cultural;anthropogenic objects;
92;Motorcycle;17;cultural;anthropogenic objects;
110;Grazing;17;activities;activities;
159;Science;17;unclassified;unclassified;
312;Paint;17;cultural;anthropogenic objects;
390;Product;17;cultural;anthropogenic objects;
401;Aviation;17;cultural;anthropogenic objects;
612;Condominium;17;cultural;settlement;
661;Bridle;17;cultural;anthropogenic objects;
718;Windsurfing;17;activities;activities;
722;Sailboat;17;cultural;anthropogenic objects;
320;Sunset;16;perceptual;atmospheric conditions;
445;Monument;16;sense of place;memories;
495;Tar;16;cultural;anthropogenic objects;
618;Building material;16;cultural;anthropogenic objects;
114;Automotive mirror;15;cultural;anthropogenic objects;
119;Bus;15;cultural;anthropogenic objects;
134;Automotive wheel system;15;cultural;anthropogenic objects;
148;Vehicle door;15;cultural;anthropogenic objects;
181;Beard;15;biophysical;fauna;
280;Lacustrine plain;15;biophysical;land cover;
485;Passenger;15;unclassified;unclassified;
544;Handwriting;15;perceptual;color / vision;
590;Finial;15;cultural;anthropogenic objects;
759;Automotive parking light;15;cultural;anthropogenic objects;
79;Leg;14;;;
281;Map;14;;;
695;Rock-climbing equipment;14;;;
727;Perching bird;14;;;
738;Human;14;;;
93;Stairs;13;;;
173;Standing;13;;;
239;Lamp;13;;;
241;Living room;13;;;
277;Grille;13;;;
282;Gadget;13;;;
473;Tread;13;;;
547;Collar;13;;;
570;Close-up;13;;;
651;Head;13;;;
713;Electronic device;13;;;
750;Automotive fuel system;13;;;
1165;Interaction;13;;;
287;Moon;12;;;
348;Competition event;12;;;
378;Tower block;12;;;
417;Cup;12;;;
459;Hand;12;;;
561;Wildlife;12;;;
611;Orange;12;;;
655;Boats and boating--Equipment and supplies;12;;;
744;Home door;12;;;
784;Paragliding;12;;;
820;Sign;12;;;
190;Youth;11;;;
214;Auto part;11;;;
441;Triangle;11;;;
443;Stemware;11;;;
475;Airplane;11;;;
526;Chute;11;;;
531;Insect;11;;;
532;Street sign;11;;;
647;Logo;11;;;
676;Suit;11;;;
694;Climbing;11;;;
817;Outdoor furniture;11;;;
825;Commercial building;11;;;
913;Desk;11;;;
165;Bag;10;;;
168;Camping;10;;;
238;Couch;10;;;
340;Personal protective equipment;10;;;
458;Produce;10;;;
464;Face;10;;;
476;Stone wall;10;;;
600;shortstraw pine;10;;;
638;Idiophone;10;;;
640;Melting;10;;;
663;Steeple;10;;;
686;Jaw;10;;;
741;Staple food;10;;;
792;Ducks, geese and swans;10;;;
840;Arthropod;10;;;
1250;Job;10;;;
138;Baseball cap;9;;;
171;Siding;9;;;
174;Cool;9;;;
317;Agriculture;9;;;
321;Cabinetry;9;;;
429;Finger;9;;;
442;Glass bottle;9;;;
469;Geology;9;;;
517;Wind instrument;9;;;
520;Entertainment;9;;;
586;Human body;9;;;
616;Visual arts;9;;;
619;Red;9;;;
626;Hall;9;;;
675;Drum;9;;;
701;Eyebrow;9;;;
777;Baked goods;9;;;
824;Black capped Chickadee;9;;;
838;Pollinator;9;;;
870;Subshrub;9;;;
1062;Surfing;9;;;
1252;Conversation;9;;;
50;Alcoholic beverage;8;;;
83;Sneakers;8;;;
189;Eye;8;;;
228;Technology;8;;;
323;Kitchen;8;;;
335;Inline skating;8;;;
382;Toy;8;;;
387;Massif;8;;;
431;Beam;8;;;
438;Curtain;8;;;
440;Magenta;8;;;
460;Tap;8;;;
465;Watch;8;;;
502;Heat;8;;;
504;Tour bus service;8;;;
515;Musical instrument accessory;8;;;
541;Macro photography;8;;;
557;Sporting Group;8;;;
566;Artifact;8;;;
644;Alloy wheel;8;;;
665;Sorrel;8;;;
672;Cable car;8;;;
674;Public utility;8;;;
684;Waist;8;;;
685;Mouth;8;;;
696;Forehead;8;;;
707;Graphics;8;;;
743;Arm;8;;;
749;Metropolitan area;8;;;
751;Vehicle brake;8;;;
828;Downhill ski binding;8;;;
1237;Slalom skiing;8;;;
71;Fault;7;;;
102;Arcade;7;;;
164;Backpack;7;;;
291;Steering wheel;7;;;
308;Painting;7;;;
318;Rainbow;7;;;
332;Cycling shorts;7;;;
336;Roller skates;7;;;
351;Sidewalk;7;;;
368;Kitchen utensil;7;;;
379;Hiking;7;;;
402;Flap;7;;;
436;Fire;7;;;
484;Concrete bridge;7;;;
494;Truck;7;;;
525;Outdoor bench;7;;;
564;Organ;7;;;
591;Fruit;7;;;
594;Poster;7;;;
597;Thigh;7;;;
606;Retail;7;;;
614;History;7;;;
625;Bench;7;;;
652;Bit;7;;;
682;Dress;7;;;
683;Fashion;7;;;
699;Chin;7;;;
719;Beach;7;;;
724;Falconiformes;7;;;
768;Plumbing fixture;7;;;
776;Carolina Chickadee;7;;;
821;Carmine;7;;;
823;Horn;7;;;
831;Hair;7;;;
845;Cave;7;;;
900;Plateau;7;;;
958;Publication;7;;;
1211;Parachuting;7;;;
1261;Teacher;7;;;
1267;Classical music;7;;;
187;Tarpaulin;6;;;
206;Eyelash;6;;;
244;camomile;6;;;
283;Flat panel display;6;;;
284;Output device;6;;;
322;Countertop;6;;;
327;Sunrise;6;;;
353;Aerospace manufacturer;6;;;
376;Shoulder;6;;;
392;Rim;6;;;
432;Decoration;6;;;
466;Audio equipment;6;;;
478;Beauty;6;;;
516;Brass instrument;6;;;
552;Whiskers;6;;;
568;Amber;6;;;
613;Wildflower;6;;;
630;Automotive tail & brake light;6;;;
646;Symbol;6;;;
649;Graffiti;6;;;
656;Naval architecture;6;;;
659;Halter;6;;;
668;Concert;6;;;
697;Nose;6;;;
712;Mirror;6;;;
758;Sled;6;;;
794;Shelf;6;;;
798;Shelving;6;;;
802;Grass family;6;;;
805;Sweetness;6;;;
843;Pest;6;;;
858;Mixed-use;6;;;
867;Cross;6;;;
968;Human leg;6;;;
1032;Sand;6;;;
1178;Computer;6;;;
1263;String instrument;6;;;
1276;Service;6;;;
158;Star;5;;;
292;Steering part;5;;;
297;Measuring instrument;5;;;
337;Toddler;5;;;
343;Roller sport;5;;;
346;Roller skating;5;;;
389;Billboard;5;;;
412;Pink;5;;;
435;Flame;5;;;
461;Sink;5;;;
565;Varnish;5;;;
598;Skyscraper;5;;;
599;Umbrella;5;;;
615;Ancient history;5;;;
639;Icicle;5;;;
660;Saddle;5;;;
662;Equestrian sport;5;;;
664;Spire;5;;;
689;Plank;5;;;
691;Maar;5;;;
708;Brand;5;;;
735;Lip;5;;;
739;Atlas;5;;;
771;Girder bridge;5;;;
789;Archaeological site;5;;;
791;Waterfowl;5;;;
851;Limestone;5;;;
852;Batholith;5;;;
891;Rodent;5;;;
906;Meteorological phenomenon;5;;;
921;Bathroom;5;;;
1008;Ski helmet;5;;;
1020;Personal computer;5;;;
1049;Bumper;5;;;
1054;Book;5;;;
1239;Downhill ski boot;5;;;
1275;Laptop;5;;;
46;Beer;4;;;
122;Religious item;4;;;
221;Creative arts;4;;;
243;Chamaemelum nobile;4;;;
249;Tablecloth;4;;;
276;Split-rail fence;4;;;
285;Computer monitor accessory;4;;;
300;Dairy cow;4;;;
309;Mural;4;;;
310;Illustration;4;;;
359;Windbreaker;4;;;
377;White-collar worker;4;;;
381;Leaf vegetable;4;;;
408;Beige;4;;;
427;Solution;4;;;
450;Office supplies;4;;;
474;Fender;4;;;
482;Devil's bridge;4;;;
483;Beam bridge;4;;;
499;Bonfire;4;;;
513;Lawn;4;;;
540;Moisture;4;;;
560;Felidae;4;;;
562;Skin;4;;;
563;Facial expression;4;;;
578;Jewellery;4;;;
581;Rose family;4;;;
587;Ice rink;4;;;
589;Fashion accessory;4;;;
592;Natural foods;4;;;
601;Headstone;4;;;
602;Commemorative plaque;4;;;
610;Baluster;4;;;
633;Alley;4;;;
648;Urban area;4;;;
671;Customer;4;;;
673;Electrical supply;4;;;
698;Cheek;4;;;
702;Ear;4;;;
709;Multimedia;4;;;
720;Windscreen wiper;4;;;
733;Automotive side-view mirror;4;;;
761;Lawn ornament;4;;;
769;Cylinder;4;;;
772;Nail;4;;;
788;Pollen;4;;;
797;Plastic bottle;4;;;
804;Helicopter;4;;;
839;Butterfly;4;;;
850;Temperature;4;;;
861;Paper;4;;;
874;Rock climbing;4;;;
882;Waterway;4;;;
897;Squirrel;4;;;
950;Personal luxury car;4;;;
972;Rubble;4;;;
1067;Surfing Equipment;4;;;
1080;Lap;4;;;
1085;Cake;4;;;
1094;Goat;4;;;
1114;Child;4;;;
1129;Sheep;4;;;
1152;Muscle;4;;;
1193;Food storage containers;4;;;
1269;Membranophone;4;;;
1286;Violin;4;;;
49;Beer glass;3;;;
199;Human settlement;3;;;
204;Outdoor table;3;;;
289;Cityscape;3;;;
293;Bicycle accessory;3;;;
294;Bicycle part;3;;;
416;Fines herbes;3;;;
423;Fashion design;3;;;
428;Personal care;3;;;
452;Wine glass;3;;;
481;High-visibility clothing;3;;;
488;Camera;3;;;
496;Crankset;3;;;
501;Campfire;3;;;
503;Boot;3;;;
507;Military person;3;;;
545;Iris;3;;;
551;Pet supply;3;;;
554;Dog collar;3;;;
556;Arctic ocean;3;;;
559;Canidae;3;;;
575;Moonlight;3;;;
579;Snapshot;3;;;
582;Rose;3;;;
603;Number;3;;;
607;Display case;3;;;
608;Home fencing;3;;;
636;Cobblestone;3;;;
637;Design;3;;;
657;Mast;3;;;
667;Band plays;3;;;
680;Tartan;3;;;
700;Hairstyle;3;;;
704;Knee;3;;;
710;Office equipment;3;;;
714;Television set;3;;;
723;Fur;3;;;
748;Headlamp;3;;;
760;Ceiling fixture;3;;;
773;Thumb;3;;;
781;Condiment;3;;;
795;Food storage;3;;;
799;Home appliance;3;;;
800;Screenshot;3;;;
807;Forb;3;;;
808;Race track;3;;;
810;Sitting;3;;;
816;Shore;3;;;
822;Deer;3;;;
833;Goat-antelope;3;;;
849;Communication Device;3;;;
853;Arecales;3;;;
872;Red sky at morning;3;;;
879;Rotorcraft;3;;;
880;Helicopter rotor;3;;;
895;Wire fencing;3;;;
914;Facial hair;3;;;
920;Shower;3;;;
930;Mane;3;;;
934;Mountaineer;3;;;
936;Sea ice;3;;;
942;Ball;3;;;
965;Accipitridae;3;;;
974;Joint;3;;;
975;Guitar;3;;;
1004;Aqua;3;;;
1013;Daisy family;3;;;
1077;Van;3;;;
1087;Finger food;3;;;
1128;Bathroom sink;3;;;
1151;Passenger car;3;;;
1265;Class;3;;;
1277;Reed;3;;;
1278;Reed instrument;3;;;
1285;Artist;3;;;
1288;Woodwind instrument;3;;;
1300;Microphone;3;;;
125;Religious institute;2;;;
150;Windshield;2;;;
162;Astronomy;2;;;
217;Loom;2;;;
225;Hill station;2;;;
233;Motorsport;2;;;
251;Kitchen & dining room table;2;;;
259;Elbow;2;;;
271;Street furniture;2;;;
295;Cyclocomputer;2;;;
296;Gauge;2;;;
338;Hard hat;2;;;
339;Motorcycle helmet;2;;;
356;Player;2;;;
357;Quadrathlon;2;;;
366;Rice;2;;;
372;Mountain river;2;;;
380;Food craving;2;;;
391;Household hardware;2;;;
410;Chapel;2;;;
413;Flower Arranging;2;;;
414;Artificial flower;2;;;
418;Porcelain;2;;;
419;Candle;2;;;
424;Animal product;2;;;
437;Body jewelry;2;;;
439;Violet;2;;;
446;Classical sculpture;2;;;
449;Cosmetics;2;;;
457;Everyday carry;2;;;
462;Chef;2;;;
477;People;2;;;
480;Workwear;2;;;
500;Ash;2;;;
508;Military uniform;2;;;
509;Non-commissioned officer;2;;;
512;Church;2;;;
534;Fast food;2;;;
537;Cheese;2;;;
542;Drop;2;;;
553;Dog supply;2;;;
558;Retriever;2;;;
571;Antique;2;;;
580;Conifer;2;;;
583;Rose order;2;;;
584;Pedicel;2;;;
588;Gear;2;;;
593;Mist;2;;;
609;Column;2;;;
620;Monoplane;2;;;
621;Propeller;2;;;
624;Aircraft engine;2;;;
627;Molding;2;;;
628;Camera accessory;2;;;
629;Cameras & optics;2;;;
631;Cemetery;2;;;
632;Grave;2;;;
643;Bicycle fork;2;;;
645;Peach;2;;;
650;Art paint;2;;;
666;Public address system;2;;;
670;Market;2;;;
681;Photographer;2;;;
690;Lumber;2;;;
692;One-piece garment;2;;;
693;Street;2;;;
706;Emblem;2;;;
711;Paper product;2;;;
715;Clock tower;2;;;
728;Emberizidae;2;;;
734;Rear-view mirror;2;;;
736;Black hair;2;;;
742;Crescent;2;;;
752;Car seat cover;2;;;
757;Gear shift;2;;;
762;Lighthouse;2;;;
775;Foot;2;;;
801;Sauces;2;;;
815;Coat;2;;;
819;Steel casing pipe;2;;;
834;Electrical wiring;2;;;
835;Wire;2;;;
836;Lens flare;2;;;
842;Moths and butterflies;2;;;
844;Invertebrate;2;;;
862;Document;2;;;
869;Coffee cup;2;;;
876;Kitchen appliance;2;;;
877;Temperate broadleaf and mixed forest;2;;;
884;Chickadee;2;;;
885;Junco;2;;;
896;Eurasian Red Squirrel;2;;;
899;Fox squirrel;2;;;
904;Frost;2;;;
915;Wine;2;;;
916;Mixture;2;;;
922;Walking shoe;2;;;
923;Outdoor shoe;2;;;
924;Livestock;2;;;
928;Sled dog;2;;;
929;Pack animal;2;;;
933;Rein;2;;;
948;Night;2;;;
952;Speedometer;2;;;
959;Plywood;2;;;
960;Metropolis;2;;;
966;Falcon;2;;;
973;Fell;2;;;
976;Wrist;2;;;
982;Safety glove;2;;;
983;Sport climbing;2;;;
985;Stationery;2;;;
990;Wall clock;2;;;
993;Classic car;2;;;
998;Bread;2;;;
1000;Calm;2;;;
1005;Horse and buggy;2;;;
1010;Plant stem;2;;;
1021;Hearth;2;;;
1022;Drawer;2;;;
1023;Sportswear;2;;;
1028;Seabird;2;;;
1031;Audi r8;2;;;
1037;Liver;2;;;
1038;Neck;2;;;
1041;Christmas ornament;2;;;
1042;Christmas decoration;2;;;
1043;Holiday ornament;2;;;
1047;Shadow;2;;;
1048;Camera lens;2;;;
1052;Nonbuilding structure;2;;;
1055;Bookcase;2;;;
1058;Cheesemaking;2;;;
1066;Waterskiing;2;;;
1068;Prairie;2;;;
1078;Beetle;2;;;
1079;Parasite;2;;;
1081;Synthetic rubber;2;;;
1083;Handrail;2;;;
1084;Sun hat;2;;;
1086;Dessert;2;;;
1099;Tripod;2;;;
1100;Reptile;2;;;
1108;Pebble;2;;;
1125;Shower head;2;;;
1126;Shower bar;2;;;
1130;Bathtub;2;;;
1133;Frog;2;;;
1140;Waste containment;2;;;
1141;Parking;2;;;
1145;Crane;2;;;
1147;Aluminium;2;;;
1157;Awning;2;;;
1164;Christmas tree;2;;;
1173;Transmission tower;2;;;
1183;Cake decorating;2;;;
1191;Antelope;2;;;
1196;Preserved food;2;;;
1198;Delicacy;2;;;
1199;Television;2;;;
1200;Balloon;2;;;
1204;Apron;2;;;
1214;Cookware and bakeware;2;;;
1238;Cross-country skiing;2;;;
1240;Extreme sport;2;;;
1251;Conference hall;2;;;
1255;Antenna;2;;;
1262;Team;2;;;
1268;Window blind;2;;;
1270;Drumhead;2;;;
1272;Percussionist;2;;;
1279;Saxophone;2;;;
1281;Tie;2;;;
1282;Audience;2;;;
1283;Harp;2;;;
1287;Flute;2;;;
1290;Violin family;2;;;
51;Pint glass;1;;;
53;Paulaner hefeweizen;1;;;
54;Foam;1;;;
107;Steam engine;1;;;
160;Galaxy;1;;;
175;Friendship;1;;;
218;Artisan;1;;;
257;Polo shirt;1;;;
265;Mushroom;1;;;
267;Agaricaceae;1;;;
268;Fungus;1;;;
273;Light fixture;1;;;
330;Water bottle;1;;;
342;Skateboard;1;;;
347;Skateboarder;1;;;
349;Running;1;;;
352;Knee pad;1;;;
363;White rice;1;;;
371;Water feature;1;;;
393;Bicycle chain;1;;;
394;Silver;1;;;
395;Spoke;1;;;
411;Vase;1;;;
421;Keyboard;1;;;
430;Table salt;1;;;
433;Wax;1;;;
434;Candle holder;1;;;
447;Béchamel sauce;1;;;
448;Potage;1;;;
451;Perfume;1;;;
453;Tool;1;;;
454;Knife;1;;;
455;Blade;1;;;
463;Gas stove;1;;;
467;Champagne stemware;1;;;
468;Security lighting;1;;;
472;Diagram;1;;;
479;Suspension bridge;1;;;
486;Videographer;1;;;
487;Television crew;1;;;
489;Film crew;1;;;
490;Cinematographer;1;;;
493;Environmental art;1;;;
498;Bicycle hub;1;;;
505;Scout;1;;;
506;Cargo pants;1;;;
510;Soldier;1;;;
511;Military officer;1;;;
519;Performing arts;1;;;
521;Pumpkin;1;;;
522;Calabaza;1;;;
523;Cucurbita;1;;;
524;Gourd;1;;;
527;Phasianidae;1;;;
529;Chicken;1;;;
530;Galliformes;1;;;
533;Pizza;1;;;
535;California-style pizza;1;;;
536;Pizza cheese;1;;;
543;Spider web;1;;;
555;Leash;1;;;
572;Still life photography;1;;;
573;Bronze;1;;;
574;Fan;1;;;
576;Watch accessory;1;;;
577;Analog watch;1;;;
595;Haze;1;;;
605;Shopping;1;;;
617;Relief;1;;;
622;Propeller-driven aircraft;1;;;
623;Runway;1;;;
634;Maserati;1;;;
635;Flagstone;1;;;
641;Dew;1;;;
642;Handle;1;;;
658;Dog sled;1;;;
669;Selling;1;;;
678;Erosion;1;;;
687;Bone;1;;;
688;Skull;1;;;
703;Stock photography;1;;;
705;Calf;1;;;
716;Bell tower;1;;;
721;Vegetable;1;;;
729;Animal migration;1;;;
730;Bird migration;1;;;
731;Flock;1;;;
732;Thatching;1;;;
737;Hut;1;;;
740;French fries;1;;;
745;Door handle;1;;;
746;Cat;1;;;
747;Small to medium-sized cats;1;;;
753;Playground;1;;;
763;Seedless fruit;1;;;
764;Berry;1;;;
765;Toilet;1;;;
766;Urinal;1;;;
767;Plumbing;1;;;
770;Fluorescent lamp;1;;;
774;Old World flycatcher;1;;;
778;Bicycle stem;1;;;
779;Al dente;1;;;
780;Rice noodles;1;;;
782;Noodle;1;;;
783;Pasta pomodoro;1;;;
785;Charcoal;1;;;
786;Outdoor grill rack & topper;1;;;
787;japanese anemone;1;;;
790;Historic site;1;;;
793;Tin can;1;;;
796;Refrigerator;1;;;
803;Klippe;1;;;
806;Chutney;1;;;
809;Rain suit;1;;;
811;Wrinkle;1;;;
812;Portrait photography;1;;;
813;Field house;1;;;
814;globe flower;1;;;
818;Summer;1;;;
826;Dinosaur;1;;;
827;Extinction;1;;;
829;Ceiling fan;1;;;
830;Elk;1;;;
832;Mountain goat;1;;;
837;Smoke;1;;;
841;Damiana;1;;;
847;Glacier cave;1;;;
848;Ice cave;1;;;
854;Palm tree;1;;;
855;alpine sea holly;1;;;
856;Church bell;1;;;
857;Bell;1;;;
859;Gas pump;1;;;
860;Automotive exhaust;1;;;
863;Transport;1;;;
864;Ice hotel;1;;;
865;Fictional character;1;;;
866;Drawing;1;;;
868;Costume design;1;;;
871;kingcup;1;;;
873;Climbing shoe;1;;;
875;Mill;1;;;
878;Soup;1;;;
881;Path;1;;;
883;Picnic table;1;;;
886;Blue jay;1;;;
887;Jay;1;;;
888;Piciformes;1;;;
889;Lavender;1;;;
890;Kudu;1;;;
892;Groundhog;1;;;
893;Gopher;1;;;
894;Otter;1;;;
898;Claw;1;;;
901;River island;1;;;
902;Metro station;1;;;
903;Transparent material;1;;;
905;Snowflake;1;;;
907;Bottle cap;1;;;
908;Peripheral;1;;;
909;Netbook;1;;;
910;Computer keyboard;1;;;
911;Input device;1;;;
912;Space bar;1;;;
917;Wine bottle;1;;;
918;Dessert wine;1;;;
919;Alcohol;1;;;
925;Stole;1;;;
926;Shawl;1;;;
927;Woolen;1;;;
931;Ground attack aircraft;1;;;
932;Military aircraft;1;;;
935;Ship;1;;;
937;Classical architecture;1;;;
938;Stately home;1;;;
939;Garden gnome;1;;;
940;Cartoon;1;;;
941;Cone;1;;;
943;Child art;1;;;
944;Fried egg;1;;;
945;Egg yolk;1;;;
946;Egg;1;;;
947;Egg white;1;;;
949;Flat cap;1;;;
951;Performance car;1;;;
953;Automobile pedal;1;;;
954;Race car;1;;;
955;Automotive side marker light;1;;;
956;Audi tt;1;;;
957;Tachometer;1;;;
961;Water transportation;1;;;
962;Saucer;1;;;
963;Hot spring;1;;;
964;Volcanic crater;1;;;
967;Barefoot;1;;;
969;Eastern Whip poor will;1;;;
970;Burdock;1;;;
971;Thorns, spines, and prickles;1;;;
977;Chest;1;;;
978;Handbag;1;;;
979;Playstation portable;1;;;
980;Video game console;1;;;
981;Game controller;1;;;
984;Climbing harness;1;;;
986;Graphic design;1;;;
987;Drain;1;;;
988;Rope;1;;;
989;Wool;1;;;
991;Soft drink;1;;;
992;Carbonated soft drinks;1;;;
994;pear;1;;;
995;Pear;1;;;
996;Doughnut;1;;;
997;Sugar;1;;;
999;Scroll;1;;;
1001;Woodpecker;1;;;
1002;Garden roses;1;;;
1003;Bird feeder;1;;;
1006;Fork;1;;;
1007;Travel trailer;1;;;
1009;Citrus;1;;;
1011;Working dog;1;;;
1012;dandelion;1;;;
1014;Perennial plant;1;;;
1015;Paw;1;;;
1016;Airliner;1;;;
1017;Portable communications device;1;;;
1018;Window covering;1;;;
1019;Purée;1;;;
1024;Football;1;;;
1025;Lexus is;1;;;
1026;Balance;1;;;
1027;Eurasian magpie;1;;;
1029;Classic;1;;;
1030;Ski jumping;1;;;
1033;Beacon;1;;;
1034;Carriage;1;;;
1035;Cart;1;;;
1036;Mannequin;1;;;
1039;Day dress;1;;;
1040;Ornament;1;;;
1044;Noxious weed;1;;;
1045;Uniform;1;;;
1046;Belt;1;;;
1050;Headland;1;;;
1051;Reservoir;1;;;
1053;Pasture;1;;;
1056;Packing materials;1;;;
1057;Basket;1;;;
1059;Packaging and labeling;1;;;
1060;Hedge;1;;;
1061;Coast;1;;;
1063;Wolf;1;;;
1064;Canis;1;;;
1065;Towed water sport;1;;;
1069;Shrike;1;;;
1070;Loggerhead Shrike;1;;;
1071;Conference room table;1;;;
1072;Post-it note;1;;;
1073;Whiteboard;1;;;
1074;Display board;1;;;
1075;Head restraint;1;;;
1076;Baby carriage;1;;;
1082;Locking hubs;1;;;
1088;Bed frame;1;;;
1089;Pillow;1;;;
1090;studio couch;1;;;
1091;Drinking;1;;;
1092;Plaster;1;;;
1093;Bull;1;;;
1095;Surfboard;1;;;
1096;Pasta;1;;;
1097;Luxury vehicle;1;;;
1098;Plaid;1;;;
1101;Newspaper;1;;;
1102;Heart;1;;;
1103;Denim;1;;;
1104;Indoor games and sports;1;;;
1105;Games;1;;;
1106;stemless gentian;1;;;
1107;Gentiana;1;;;
1109;Gravel;1;;;
1110;Scaled reptile;1;;;
1111;Mesh;1;;;
1112;Net;1;;;
1113;Baby;1;;;
1115;Blossom;1;;;
1116;Tin;1;;;
1117;Water forget me not;1;;;
1118;alpine forget-me-not;1;;;
1119;Forget-me-not;1;;;
1120;cretan crocus;1;;;
1121;snow crocus;1;;;
1122;Stalactite;1;;;
1123;Stream;1;;;
1124;Cowslip;1;;;
1127;Shower door;1;;;
1131;Makeup mirror;1;;;
1132;Stuffed toy;1;;;
1134;Souvenir;1;;;
1135;Animation;1;;;
1136;Baby toys;1;;;
1137;Garden hose;1;;;
1138;Viaduct;1;;;
1139;Cement;1;;;
1142;Intrusion;1;;;
1143;Lane;1;;;
1144;Roller coaster;1;;;
1146;Walkway;1;;;
1148;Manhole cover;1;;;
1149;Memorial;1;;;
1150;Basement;1;;;
1153;Commercial vehicle;1;;;
1154;Automotive window part;1;;;
1155;Underwater;1;;;
1156;Algae;1;;;
1158;Bus driver;1;;;
1159;Banner;1;;;
1160;Sash window;1;;;
1161;Trade;1;;;
1162;Electronic signage;1;;;
1163;Gold;1;;;
1166;Christmas;1;;;
1167;Plant pathology;1;;;
1168;Snowplow;1;;;
1169;Snowmobile;1;;;
1170;Lampshade;1;;;
1171;Security;1;;;
1172;Picket fence;1;;;
1174;Pollution;1;;;
1175;Quartz clock;1;;;
1176;Bird's-eye view;1;;;
1177;Pedestal;1;;;
1179;Computer monitor;1;;;
1180;Desktop computer;1;;;
1181;Book cover;1;;;
1182;Fiction;1;;;
1184;Cream;1;;;
1185;Kopi tubruk;1;;;
1186;Beer bottle;1;;;
1187;Barrel;1;;;
1188;Storage basket;1;;;
1189;Kit car;1;;;
1190;Chinese architecture;1;;;
1192;Parmigiano-reggiano;1;;;
1194;Cupcake;1;;;
1195;Cake decorating supply;1;;;
1197;Baking;1;;;
1201;Solvent;1;;;
1202;Garden salad;1;;;
1203;Mason jar;1;;;
1205;Carbon;1;;;
1206;Juice;1;;;
1207;Orange juice;1;;;
1208;Passion fruit juice;1;;;
1209;Comfort food;1;;;
1210;Gliding;1;;;
1212;Red flag;1;;;
1213;Aquatic plant;1;;;
1215;Curry;1;;;
1216;Eclipse;1;;;
1217;Celestial event;1;;;
1218;Outer space;1;;;
1219;Llama;1;;;
1220;True toad;1;;;
1221;True frog;1;;;
1222;Toad;1;;;
1223;Anaxyrus;1;;;
1224;Texas Toad;1;;;
1225;Grasshopper;1;;;
1226;Cricket;1;;;
1227;Locust;1;;;
1228;Membrane-winged insect;1;;;
1229;Stove;1;;;
1230;Wood-burning stove;1;;;
1231;Fireplace;1;;;
1232;Karahi;1;;;
1233;Stew;1;;;
1234;Bird of prey;1;;;
1235;Honeybee;1;;;
1236;Pansy;1;;;
1241;Jersey;1;;;
1242;Combat vehicle;1;;;
1243;Self-propelled artillery;1;;;
1244;Cannon;1;;;
1245;Gun turret;1;;;
1246;Military organization;1;;;
1247;Military vehicle;1;;;
1248;Army;1;;;
1249;Meeting;1;;;
1253;Ski binding;1;;;
1254;Telecommunications engineering;1;;;
1256;Snowman;1;;;
1257;Blazer;1;;;
1258;Formal wear;1;;;
1259;Overcoat;1;;;
1266;Education;1;;;
1271;Tom-tom drum;1;;;
1273;Hand drum;1;;;
1274;Academic institution;1;;;
1280;Saxophonist;1;;;
1284;Cymbal;1;;;
1289;Function hall;1;;;
1291;Percussion mallet;1;;;
1292;Kettle;1;;;
1293;Harpist;1;;;
1294;Clàrsach;1;;;
1295;Plucked string instruments;1;;;
1296;Long hair;1;;;
1297;Accordionist;1;;;
1298;Free reed aerophone;1;;;
1299;Squeezebox;1;;;
1301;Equalizer;1;;;
1302;Electronic instrument;1;;;
1303;Mixing engineer;1;;;
1304;Sound engineer;1;;;
1305;Dress shirt;1;;;
1306;Music artist;1;;;
1307;Musical ensemble;1;;;
1308;Organization;1;;;
1309;Fiddle;1;;;
1310;Bangs;1;;;
1311;Pixie cut;1;;;
1312;Window treatment;1;;;
1313;Homemaker;1;;;